<?xml version="1.0" encoding="utf-8"?>
<GameData>
	<Table name="UnitPromotions_UnitName">
		<Column name="PromotionType" type="text" reference="UnitPromotions(Type)"/>
		<Column name="UnitType" type="text" reference="Units(Type)"/>
		<Column name="Name" type="text" reference="Language_en_US(Tag)"/>
	</Table>

	<UnitPromotions_UnitName>
		<Row>
			<PromotionType>PROMOTION_INVULNERABIILITY</PromotionType>
			<UnitType>UNIT_KRIS_SWORDSMAN</UnitType>
			<Name>TXT_KEY_UNIT_INDONESIAN_KRIS_SWORDSMAN_INVULNERABIILITY</Name>
		</Row>
		<Row>
			<PromotionType>PROMOTION_SNEAK_ATTACK</PromotionType>
			<UnitType>UNIT_KRIS_SWORDSMAN</UnitType>
			<Name>TXT_KEY_UNIT_INDONESIAN_KRIS_SWORDSMAN_SNEAK_ATTACK</Name>
		</Row>
		<Row>
			<PromotionType>PROMOTION_HEROISM</PromotionType>
			<UnitType>UNIT_KRIS_SWORDSMAN</UnitType>
			<Name>TXT_KEY_UNIT_INDONESIAN_KRIS_SWORDSMAN_HEROISM</Name>
		</Row>
		<Row>
			<PromotionType>PROMOTION_AMBITION</PromotionType>
			<UnitType>UNIT_KRIS_SWORDSMAN</UnitType>
			<Name>TXT_KEY_UNIT_INDONESIAN_KRIS_SWORDSMAN_AMBITION</Name>
		</Row>
		<Row>
			<PromotionType>PROMOTION_RESTLESSNESS</PromotionType>
			<UnitType>UNIT_KRIS_SWORDSMAN</UnitType>
			<Name>TXT_KEY_UNIT_INDONESIAN_KRIS_SWORDSMAN_RESTLESSNESS</Name>
		</Row>
		<Row>
			<PromotionType>PROMOTION_RECRUITMENT</PromotionType>
			<UnitType>UNIT_KRIS_SWORDSMAN</UnitType>
			<Name>TXT_KEY_UNIT_INDONESIAN_KRIS_SWORDSMAN_RECRUITMENT</Name>
		</Row>
		<Row>
			<PromotionType>PROMOTION_ENEMY_BLADE</PromotionType>
			<UnitType>UNIT_KRIS_SWORDSMAN</UnitType>
			<Name>TXT_KEY_UNIT_INDONESIAN_KRIS_SWORDSMAN_ENEMY_BLADE</Name>
		</Row>
		<Row>
			<PromotionType>PROMOTION_EVIL_SPIRITS</PromotionType>
			<UnitType>UNIT_KRIS_SWORDSMAN</UnitType>
			<Name>TXT_KEY_UNIT_INDONESIAN_KRIS_SWORDSMAN_EVIL_SPIRITS</Name>
		</Row>
	</UnitPromotions_UnitName>

	<!-- Text moved to AllText_en_US.xml -->

	<CustomModDbUpdates>
		<Row Name="PROMOTIONS_UNIT_NAMING" Value="1"/>
	</CustomModDbUpdates>
</GameData>