<?xml version="1.0" encoding="utf-8"?>
<Context>
    <Instance Name="ImageInstance" >
        <Image Size="128,128" Texture="Assets/UI/Art/Icons/YieldAtlas.dds" ID="Image" Sampler="Linear" />
    </Instance>

    <Instance Name="TextInstance" >
        <Label Anchor="C,C" String="6" Font="TwCenMT24" FontStyle="Stroke" ColorSet="Beige_Black" ID="Text" />
    </Instance>

    <Instance Name="AnchorInstance" >
        <WorldAnchor ID="Anchor" Scaling="True" DepthAdjust="-25" >
			<Stack Offset="0,-20" StackGrowth="Right" Anchor="C,C" ID="Stack1" Padding="-40" />
			<Stack Offset="0,80" StackGrowth="Right" Anchor="C,C" ID="Stack2" Padding="-40" />
		</WorldAnchor>
    </Instance>

    <Container ID="Scrap" Hidden="1" />
    <Container ID="YieldStore" />
</Context>
