<?xml version="1.0" encoding="utf-8"?>
<Context ColorSet="Beige_Black" Font="TwCenMT22" FontStyle="Shadow">

	<Instance Name="LoadButton" >
		<Container Size="460,32" ID="InstanceRoot" >

			<GridButton Anchor="C,B"  ID="Button" Offset="0,0" Size="460,32" Style="ZoomButton"  >
				<ShowOnMouseOver>
					<AlphaAnim Anchor="L,T" Size="460,32" Pause="0" Cycle="Bounce" Speed="1" AlphaStart="2" AlphaEnd="1">
						<Grid   Size="460,32" Offset="0,0" Padding="0,0" Style="Grid9FrameTurnsHL" />
					</AlphaAnim>

				</ShowOnMouseOver>

				<!-- Selected State -->
				<Grid Anchor="C,C" Offset="0,0" Size="460,32"  Style="Grid9FrameTurns" ID="SelectHighlight" Hidden="1" />
				<Label ID="ButtonText" Anchor="C,C"  Offset="0,0"  String="TXT_KEY_DELETE_BUTTON" Font="TwCenMT20" ColorSet="Beige_Black_Alpha" FontStyle="Shadow"  />

			</GridButton>
		</Container>
	</Instance>

	<Instance Name="ReferencedPackageInstance" >
		<Label ID="Label" Anchor="L,C"  Offset="0,0" Font="TwCenMT18" ColorSet="Beige_Black_Alpha" FontStyle="Shadow"  />
	</Instance>


	<Box Style="BGBlock" ID="BGBlock" />
	<Container ID="MainSelection" Size="1024,700" Anchor="C.C" >

		<Grid Size="960,658" Anchor="C,C" Offset="0,36" Padding="0,0" Style="Grid9DetailFive140" ConsumeMouse="1">

			<Box Anchor="C,B" AnchorSide="I.I" Offset="0,54"   Size="910,56" Color="255,255,255,0" >

				<!-- Delete Button  -->
				<GridButton Anchor="C,B"  Style="SmallButton" Size="150,32"  Offset="0,0" StateOffsetIncrement="0,0" ID="Delete" >
					<Label Anchor="C,C"  Offset="0,0"  String="TXT_KEY_DELETE_BUTTON" Font="TwCenMT18" ColorSet="Beige_Black_Alpha" FontStyle="Shadow"  />
				</GridButton>

				<!-- Back Button  -->
				<GridButton Anchor="L,B"  Style="SmallButton" Size="150,32"  Offset="14,0" StateOffsetIncrement="0,0" ID="BackButton"  >
					<Label Anchor="C,C"  Offset="0,0"  String="TXT_KEY_BACK_BUTTON" Font="TwCenMT18" ColorSet="Beige_Black_Alpha" FontStyle="Shadow"  />
				</GridButton>

			</Box>


			<!-- Start Game  -->
			<GridButton Anchor="R,B" ID="StartButton"     Offset="38,54"     Size="260,45"    Style="BaseButton" String="TXT_KEY_LOAD_GAME" />

			<!-- Filters -->
			<CheckBox Offset="50,55" Anchor="R,T"  String="TXT_KEY_AUTOSAVES" TextAnchor="L,C"  IsChecked="0" ID="AutoCheck" />
			<CheckBox Offset="315,55" Anchor="R,T"  String="TXT_KEY_STEAMCLOUD" TextAnchor="L,C"  IsChecked="0" ID="CloudCheck" />

			<!-- Side treatments -->
			<AlphaAnim  Anchor="R,C"  AnchorSide="O.O"  Offset="-8,0" Size="16,32" TextureOffset="16.0" Texture="Assets/UI/Art/Controls/buttonsidesglow.dds" Pause="0" Cycle="Bounce" Speed="1" AlphaStart=".99" AlphaEnd=".25" Hidden="0"/>
			<AlphaAnim  Anchor="L,C"  AnchorSide="O.O"  Offset="-8,0" Size="16,32" TextureOffset="0.0" Texture="Assets/UI/Art/Controls/buttonsidesglow.dds" Pause="0" Cycle="Bounce" Speed="1" AlphaStart=".99" AlphaEnd=".25" Hidden="0"/>
			<Image Anchor="R,C" Offset="-8,0" TextureOffset="8.0" AnchorSide="O.O"  Texture="Assets/UI/Art/Controls/buttonsides.dds" Size="8,16" />
			<Image Anchor="L,C" Offset="-8,0" TextureOffset="0.0" AnchorSide="O.O"  Texture="Assets/UI/Art/Controls/buttonsides.dds" Size="8,16" />

			<Image Anchor="C,T" Offset="0,-33" AnchorSide="O.O"  Texture="Assets/UI/Art/Controls/topframe.dds" Size="512,128" />
			<Image Anchor="C,B" Offset="0,-109" AnchorSide="O.O"  Texture="Assets/UI/Art/Controls/bottomframe.dds" Size="512,128" />


			<!-- Screen Title  -->
			<Label Anchor="C,T" String="{TXT_KEY_LOAD_GAME:upper}" Offset="0,19" Font="TwCenMT20" Color0="30.50.80.255" Color1="133.184.186.255" Color2="133.184.186.255" FontStyle="SoftShadow" />

			<!-- File List -->
			<Box Anchor="R,T" Offset="48,130" Size="490,404" Color="255,255,255,0" >

				<PullDown  Anchor="C,T" Style="GenericPullDown" ScrollThreshold="110" Size="290,27" AutoSizePopUp="1" SpaceForScroll="1" Offset="0,-35" ID="SortByPullDown" />

				<Label ID="NoGames" Anchor="C,C" Offset="0,0" Font="TwCenMT24" ColorSet="Beige_Black_Alpha" FontStyle="Shadow" String="{TXT_KEY_NO_SAVED_GAMES:upper}"  />

				<ScrollPanel Offset="0,0" Anchor="L,T" Size="495,400" ID="ScrollPanel" Vertical="1" AutoScrollBar="1" >

					<Stack Anchor="C,T" Offset="0,0"  StackGrowth="Bottom" ID="LoadFileButtonStack" />

					<!-- Scroll Controls -->
					<ScrollBar Style="VertSlider" Length="364" Offset="0.18" Anchor="R,T" AnchorSide="O,I" />
					<UpButton  Offset="0.0"  Style="ScrollBarUp"  Anchor="R,T" AnchorSide="O,I" />
					<DownButton Offset="0.0" Style="ScrollBarDown"  Anchor="R,B" AnchorSide="O,I" />

				</ScrollPanel>

				<Grid Anchor="L,T" Offset="0,-2" Size="490,404" Padding="0,0" Style="Grid9Frame" Hidden="0" />

			</Box>


			<!-- file details treatment -->
			<Box ID="DetailsBox" Anchor="L,T" Offset="48,130" Size="350,404" Color="255,255,255,0" >
				<Image Anchor="C,C" Offset="0,0" Color="White.36" Size="360,410" Texture="MapAmerica512.dds" ID="LargeMapImage"/>
				<Grid Anchor="C,C" Offset="0,0" Size="354,404" Padding="0,0" Style="Grid9Frame" Hidden="0" />

				<Image Anchor="L,T" Offset="0.0" Size="128,128"   Texture="Assets/UI/Art/Icons/LeaderPortraits1024Frame.dds"  >
					<Image Anchor="C,C" Offset="0,0" Size="128,128"   Texture="Assets/UI/Art/Icons/LeaderPortraits1024.dds" ID="Portrait" />
				</Image>

				<Stack Anchor="L,T" Offset="12,122"  Padding="8" StackGrowth="Bottom" >
					<Label Anchor="L,C" Offset="0,0" Font="TwCenMT22" ColorSet="Beige_Black_Alpha" FontStyle="Shadow" String="Saved Game Name Alpha 001" ID="SaveFileName" TruncateWidth="305"/>


					<Image Anchor="L,C"  Offset="0,0" Texture="bar340x2.dds" Size="340.1"  Hidden="0"/>

					<Label Anchor="L,C" Offset="0,0" Font="TwCenMT18" ColorSet="Beige_Black_Alpha" FontStyle="Shadow" String="Washington - America" ID="Title" TruncateWidth="305"/>
					<Label Anchor="L,C" Offset="0,0" Font="TwCenMT18" ColorSet="Beige_Black_Alpha" FontStyle="Shadow" String="October 24, 1972 10:32 A.M." ID="TimeSaved" TruncateWidth="305"/>
					<Label Anchor="L,C" Offset="0,0" Font="TwCenMT18" ColorSet="Beige_Black_Alpha" FontStyle="Shadow" String="Ancient Era: (64 Turns)" ID="EraTurn" TruncateWidth="305"/>
					<Label Anchor="L,C" Offset="0,0" Font="TwCenMT18" ColorSet="Beige_Black_Alpha" FontStyle="Shadow" String="Ancient Era: (64 Turns)" ID="StartEra" TruncateWidth="305"/>
					<Label Anchor="L,C" Offset="0,0" Font="TwCenMT18" ColorSet="Beige_Black_Alpha" FontStyle="Shadow" ID="GameType" TruncateWidth="305"/>

				</Stack>

				<TextButton Anchor="L,B" Offset="10,90" Font="TwCenMT16" ColorSet="Beige_Black_Alpha" String="TXT_KEY_LOAD_MENU_DLC" FontStyle="Shadow" MouseOverStyle="SoftShadow" ConsumeMouse="1" ID="ShowDLCButton" />
				<TextButton Anchor="R,B" Offset="10,90" Font="TwCenMT16" ColorSet="Beige_Black_Alpha" String="TXT_KEY_LOAD_MENU_MODS" FontStyle="Shadow" MouseOverStyle="SoftShadow" ConsumeMouse="1" ID="ShowModsButton" />

				<Image Anchor="C,B"  Offset="0,84" Texture="bar340x2.dds" Size="340.1"  Hidden="0"/>


				<Image Anchor="C,B"  Offset="0,84" Texture="bar340x2.dds" Size="340.1"  Hidden="0"/>

				<Stack Anchor="C,B" Offset="0,12"  Padding="0" StackGrowth="Right" >

					<Image Anchor="L,C"  Size="64,64"  Offset="0,0" Texture="Assets/UI/Art/Icons/IconFrame64.dds"   ToolTip="TXT_KEY_MULTIPLAYER_STAGING_ROOM_HEADER_CIVILIZATION" >
						<Image Size="64,64" Anchor="C,C"  Texture="Assets/UI/Art/Icons/Units/CivSymbolsColor512.dds" Hidden="0" ID="CivIcon" />
						<Label Anchor="L,C" Offset="64,0" Font="TwCenMT22" ColorSet="Beige_Black_Alpha" FontStyle="Shadow" String="" />
					</Image>

					<Image Anchor="L,C"  Size="64,64"  Offset="0,0" Texture="Assets/UI/Art/Icons/IconFrame64.dds"   ToolTip="TXT_KEY_AD_SETUP_MAP_TYPE" >
						<Image Anchor="C,C"  Size="64,64" Texture="Assets/UI/Art/Icons/MapTypeIcons256.dds" ID="MapType" />
						<Label Anchor="L,C" Offset="64,0" Font="TwCenMT22" ColorSet="Beige_Black_Alpha" FontStyle="Shadow" String="" />
					</Image>

					<Image Anchor="L,C"  Size="64,64"  Offset="0,0" Texture="Assets/UI/Art/Icons/IconFrame64.dds" ToolTip="TXT_KEY_AD_SETUP_MAP_SIZE"  >
						<Image Anchor="C,C"  Size="64,64" Texture="Assets/UI/Art/Icons/MapSizeIcons256.dds" ID="MapSize" />
						<Label Anchor="L,C" Offset="64,0" Font="TwCenMT22" ColorSet="Beige_Black_Alpha" FontStyle="Shadow" String=""  />
					</Image>

					<Image Anchor="L,C"  Size="64,64"  Offset="0,0" Texture="Assets/UI/Art/Icons/IconFrame64.dds" ToolTip="TXT_KEY_AD_SETUP_HANDICAP"  >
						<Image Anchor="C,C"  Size="64,64" Texture="Assets/UI/Art/Icons/DifficultyLevelIcons256.dds" ID="Handicap"/>
						<Label Anchor="L,C" Offset="64,0" Font="TwCenMT22" ColorSet="Beige_Black_Alpha" FontStyle="Shadow" String=""  />
					</Image>

					<Image Anchor="L,C"  Size="64,64"  Offset="0,0" Texture="Assets/UI/Art/Icons/IconFrame64.dds" ToolTip="TXT_KEY_GAME_SPEED"   >
						<Image Anchor="C,C"  Size="64,64" Texture="Assets/UI/Art/Icons/GameSpeedIcons256.dds" ID="SpeedIcon"/>
						<Label Anchor="L,C" Offset="64,0" Font="TwCenMT22" ColorSet="Beige_Black_Alpha" FontStyle="Shadow" String=""   />
					</Image>
				</Stack>
			</Box>
		</Grid>
	</Container>


	<Box Color="Black.200" Size="Full.Full" ID="DeleteConfirm" ConsumeMouseOver="1" Hidden="1" >
		<Grid Size="500,360" Anchor="C,C" Offset="0,0" Padding="0,20" Style="Grid9DetailFive140"  Hidden="0" >

			<!-- Side treatments -->
			<Image Anchor="L,C" AnchorSide="O.I"  Offset="-17,0" Texture="Dec32x64Left.dds" Size="32.64" />
			<Image Anchor="R,C" AnchorSide="O.I"  Offset="-17,0" Texture="Dec32x64Right.dds" Size="32.64" />

			<Image Anchor="C,T" AnchorSide="I.O" Offset="0,-27" Size="256,64" Texture="DecTop256x64.dds"  >
				<Image Anchor="C,C" Offset="0,-6" Size="80,80" Texture="NotificationFrameBase.dds"  >
					<AlphaAnim Anchor="C,C" Offset="0,0" Size="80.80"  Texture="assets\UI\Art\Notification\NotificationGenericGlow.dds"  Pause="0" Cycle="Bounce" Speed="1" AlphaStart="1" AlphaEnd=".5"/>
				</Image>
			</Image>


			<Label Anchor="C,T"  Offset="0,74"  WrapWidth="440" String="TXT_KEY_CONFIRM_TXT" Font="TwCenMT22" ColorSet="Beige_Black_Alpha" FontStyle="Shadow"  />
			<Stack Anchor="C,B" Offset="0,80" Padding="24" StackGrowth="Bottom" ID="ButtonStack">
				<!-- Yes Button  -->
				<GridButton Style="BaseButton"  ID="Yes" Size="400,42" Anchor="C,T" Offset="0,0"  Hidden="0">
					<Label Anchor="C,C" Offset="0,0" String="TXT_KEY_YES_BUTTON" ColorSet="Beige_Black" Font="TwCenMT24" FontStyle="Shadow" />
				</GridButton>
				<!-- No Button  -->
				<GridButton  Style="BaseButton" ID="No" Size="400,42" Anchor="C,T" Offset="0,0"  Hidden="0">
					<Label Anchor="C,C" Offset="0,0" String="TXT_KEY_NO_BUTTON" ColorSet="Beige_Black" Font="TwCenMT24" FontStyle="Shadow" />
				</GridButton>
			</Stack>
		</Grid>
	</Box>

	<Box Color="Black.200" Size="Full.Full" ID="ReferencedPackagesWindow" ConsumeMouseOver="1" Hidden="1" >
		<Grid Size="500,460" Anchor="C,C" Offset="0,0" Padding="0,20" Style="Grid9DetailFive140"  Hidden="0" >

			<!-- Side treatments -->
			<Image Anchor="L,C" AnchorSide="O.I"  Offset="-17,0" Texture="Dec32x64Left.dds" Size="32.64" />
			<Image Anchor="R,C" AnchorSide="O.I"  Offset="-17,0" Texture="Dec32x64Right.dds" Size="32.64" />

			<Image Anchor="C,T" AnchorSide="I.O" Offset="0,-27" Size="256,64" Texture="DecTop256x64.dds"  >
				<Image Anchor="C,C" Offset="0,-6" Size="80,80" Texture="NotificationFrameBase.dds"  >
					<AlphaAnim Anchor="C,C" Offset="0,0" Size="80.80"  Texture="assets\UI\Art\Notification\NotificationGenericGlow.dds"  Pause="0" Cycle="Bounce" Speed="1" AlphaStart="1" AlphaEnd=".5"/>
				</Image>
			</Image>

			<Label Anchor="C,T"  Offset="0,50"  WrapWidth="440" ID="ReferencedPackagesPrompt" Font="TwCenMT22" ColorSet="Beige_Black_Alpha" FontStyle="Shadow"  />

			<ScrollPanel Offset="20,110" Anchor="L,T" Size="435,245" ID="ReferencedPackagesScrollPanel" Vertical="1" AutoScrollBar="1" >

				<!-- Scroll Controls -->
				<ScrollBar Style="VertSlider" Length="214" Offset="0.18" Anchor="R,T" AnchorSide="O,I" />
				<UpButton  Offset="0.0"  Style="ScrollBarUp"  Anchor="R,T" AnchorSide="O,I" />
				<DownButton Offset="0.0" Style="ScrollBarDown"  Anchor="R,B" AnchorSide="O,I" />

				<Stack Anchor="L,T" Offset="0,0"  StackGrowth="Bottom" Padding="4" ID="ReferencedPackagesStack" />
			</ScrollPanel>


			<!-- Close Button  -->
			<GridButton  Style="BaseButton" ID="CloseReferencedPackagesButton" Size="400,42" Anchor="C,B" Offset="0,50"  Hidden="0">
				<Label Anchor="C,C" Offset="0,0" String="TXT_KEY_CLOSE" ColorSet="Beige_Black" Font="TwCenMT24" FontStyle="Shadow" />
			</GridButton>
		</Grid>
	</Box>



</Context>
