<?xml version="1.0" encoding="utf-8"?>
<!-- generated by MP Modpacks Maker (Gedemon) -->
<GameData>
	<Language_JA_JP>
		<Replace Tag="TXT_KEY_SPY_STATE_TERMINATED"> 
			<Text>
				死亡！
			</Text>
		</Replace>
		<Replace Tag="TXT_KEY_MISC_RECEIVED_CULTURE"> 
			<Text>
				[SPACE][ICON_CULTURE]文化力{1_Num}を獲得した！
			</Text>
		</Replace>
		<Replace Tag="TXT_KEY_MISC_RECEIVED_FAITH"> 
			<Text>
				[SPACE][ICON_PEACE]信仰力{1_Num}を獲得した！
			</Text>
		</Replace>
		<Replace Tag="TXT_KEY_NOTIFICATION_PANTHEON_ENHANCED_ACTIVE_PLAYER"> 
			<Text>
				新たな信仰の証を追加してパンテオン信仰を強化した。
			</Text>
		</Replace>
		<Replace Tag="TXT_KEY_NOTIFICATION_PANTHEON_ENHANCED"> 
			<Text>
				{1_CivName}が新たな信仰の証を追加してパンテオン信仰を強化した。
			</Text>
		</Replace>
		<Replace Tag="TXT_KEY_NOTIFICATION_PANTHEON_ENHANCED_UNKNOWN"> 
			<Text>
				未知の文明が新たな信仰の証を追加してパンテオン信仰を強化した。
			</Text>
		</Replace>
		<Replace Tag="TXT_KEY_NOTIFICATION_PANTHEON_ENHANCED_S"> 
			<Text>
				パンテオンの強化
			</Text>
		</Replace>
		<Replace Tag="TXT_KEY_SPY_NAME_UNKNOWN"> 
			<Text>
				不明
			</Text>
		</Replace>
		<Replace Tag="TXT_KEY_YIELD_GOLDEN_AGE_POINTS"> 
			<Text>
				黄金時代
			</Text>
		</Replace>
		<Replace Tag="TXT_KEY_TOP_PANEL_ITR_GOLDEN_AGE_POINTS_YIELD_TT"> 
			<Text>
				{1_Num} [ICON_GOLDEN_AGE]黄金時代
			</Text>
		</Replace>
		<Replace Tag="TXT_KEY_GOLDEN_AGE_POINTS_FROM_TRADE_ROUTES"> 
			<Text>
				{1_perTurn:number "#.##"} [ICON_GOLDEN_AGE]黄金時代ポイント (この都市に設立された交易路から)
			</Text>
		</Replace>
		<Replace Tag="TXT_KEY_YIELD_TOURISM"> 
			<Text>
				観光力
			</Text>
		</Replace>
		<Replace Tag="TXT_KEY_TOP_PANEL_ITR_TOURISM_YIELD_TT"> 
			<Text>
				{1_Num} [ICON_TOURISM]観光力
			</Text>
		</Replace>
		<Replace Tag="TXT_KEY_TOURISM_FROM_TRADE_ROUTES"> 
			<Text>
				{1_perTurn:number "#.##"} [ICON_TOURISM] (この都市に設立された交易路から)
			</Text>
		</Replace>
		<Replace Tag="TXT_KEY_TP_FAITH_NEXT_PROPHET_PARAM"> 
			<Text>
				次の{2_UNITCLASS_PROPHET}誕生には[ICON_PEACE]信仰力{1_Num}以上が必要。
			</Text>
		</Replace>
		<Replace Tag="TXT_KEY_RO_FAITH_TOOLTIP_PARAM"> 
			<Text>
				次の{2_UNITCLASS_PROPHET}誕生には[ICON_PEACE]信仰力{1_MinFaith}以上が必要。
			</Text>
		</Replace>
		<Replace Tag="TXT_KEY_RO_AUTO_FAITH_PROPHET_PARAM"> 
			<Text>
				{1_UNITCLASS_PROPHET}を購入するために貯めておく
			</Text>
		</Replace>
		<Replace Tag="TXT_KEY_RO_AUTO_FAITH_PURCHASE_PROPHET_PARAM"> 
			<Text>
				{1_UNITCLASS_PROPHET}を購入する
			</Text>
		</Replace>
		<Replace Tag="TXT_KEY_UNIT_INDONESIAN_KRIS_SWORDSMAN_INVULNERABIILITY"> 
			<Text>
				鉄人クリス
			</Text>
		</Replace>
		<Replace Tag="TXT_KEY_UNIT_INDONESIAN_KRIS_SWORDSMAN_SNEAK_ATTACK"> 
			<Text>
				奇襲クリス
			</Text>
		</Replace>
		<Replace Tag="TXT_KEY_UNIT_INDONESIAN_KRIS_SWORDSMAN_HEROISM"> 
			<Text>
				英雄クリス
			</Text>
		</Replace>
		<Replace Tag="TXT_KEY_UNIT_INDONESIAN_KRIS_SWORDSMAN_AMBITION"> 
			<Text>
				野心クリス
			</Text>
		</Replace>
		<Replace Tag="TXT_KEY_UNIT_INDONESIAN_KRIS_SWORDSMAN_RESTLESSNESS"> 
			<Text>
				執拗クリス
			</Text>
		</Replace>
		<Replace Tag="TXT_KEY_UNIT_INDONESIAN_KRIS_SWORDSMAN_RECRUITMENT"> 
			<Text>
				回復クリス
			</Text>
		</Replace>
		<Replace Tag="TXT_KEY_UNIT_INDONESIAN_KRIS_SWORDSMAN_ENEMY_BLADE"> 
			<Text>
				呪詛クリス
			</Text>
		</Replace>
		<Replace Tag="TXT_KEY_UNIT_INDONESIAN_KRIS_SWORDSMAN_EVIL_SPIRITS"> 
			<Text>
				悪霊クリス
			</Text>
		</Replace>
		<Replace Tag="TXT_KEY_PROMOTION_RECON_SHORT_RANGE"> 
			<Text>
				視程 (短)
			</Text>
		</Replace>
		<Replace Tag="TXT_KEY_PROMOTION_RECON_SHORT_RANGE_HELP"> 
			<Text>
				視程-2。
			</Text>
		</Replace>
		<Replace Tag="TXT_KEY_PEDIA_PROMOTION_RECON_SHORT_RANGE"> 
			<Text>
				視程 (短)
			</Text>
		</Replace>
		<Replace Tag="TXT_KEY_PROMOTION_RECON_LONG_RANGE"> 
			<Text>
				視程 (長)
			</Text>
		</Replace>
		<Replace Tag="TXT_KEY_PROMOTION_RECON_LONG_RANGE_HELP"> 
			<Text>
				視程+2。
			</Text>
		</Replace>
		<Replace Tag="TXT_KEY_PEDIA_PROMOTION_RECON_LONG_RANGE"> 
			<Text>
				視程 (長)
			</Text>
		</Replace>
	</Language_JA_JP> 
</GameData>
