<?xml version="1.0" encoding="utf-8"?>
<GameData>
  <CustomModOptions>
    <!-- V19 was the first version for BNW - all options prior to this are flagged as being for v19 -->

    <!-- "See also: Mod Name" refers to mods on www.picknmixmods.com -->
    <!-- Any option with a "See also" and a default value of 0 should not be enabled directly in this file but only via a mod -->
    
    <!-- Class -->
    <!--   0=Data   - Data used by other components -->
    <!--   1=BugFix - Bug fixes, usually wanted -->
    <!--   2=API    - API, no effect and very minor overhead unless used by another mod -->
    <!--   3=Events - Events, overhead even if not used by another mod -->
    <!--   4=Minor  - Minor enhancements, limited game play changes -->
    <!--   5=Common - Common enhancements, obvious game play changes -->
    <!--   6=Major  - Major enhancements, massive game play changes -->

    <!-- DbUpdates - indicates if the DLL code requires associated database changes -->
    <!--   Missing - no associated database updates -->
    <!--         0 - unimportant database updates (usually TXT_KEY_s that if deleted won't cause serious problems -->
    <!--         1 - required database updates -->
    <!--   The sql/xml changes for GLOBAL_STACKING_RULES can be found in DB/GLOBAL/SackingRules.sql/xml -->
    <!--   If these file(s) have been deleted, eg for compatibility with other mods, the option will be forced off -->

	<!-- If A declares war on B that preempts a co-op war, A is locked into the war for the same number of turns as if they had agreed to the co-op war (v86) -->
    <!-- See also: "Global - Early Coop War Lock" -->
    <Row Class="5" Name="GLOBAL_EARLY_COOP_WAR_LOCK" Value="0"/>

    <!-- Changes the stacking limits based on what the tile is (city, fort, plain, etc) (v19) -->
    <!-- See also: "Global - 2 Units Per Fort" -->
    <!-- See also: "Global - 3 Units Per City" -->
    <Row Class="5" Name="GLOBAL_STACKING_RULES" Value="0" DbUpdates="1"/>
    
    <!-- This is the "No More Civilian Traffic Jams (NMCTJs) Mod" by Pazyryk - see http://forums.civfanatics.com/showthread.php?t=519754 (v45) -->
    <!-- See also: "Global - No More Civilian Traffic Jams" -->
    <Row Class="6" Name="GLOBAL_BREAK_CIVILIAN_1UPT" Value="0"/>
    <Row Class="6" Name="GLOBAL_BREAK_CIVILIAN_RESTRICTIONS" Value="0"/>

    <!-- Great Generals and Admirals gained from combat experience spawn in the war-zone and not in a distant city (v19) -->
    <!-- See also: "Global - Local Generals" -->
    <Row Class="5" Name="GLOBAL_LOCAL_GENERALS" Value="0"/>

    <!-- Separates out the repair fleet and change port abilities of the Great Admiral (v61) -->
    <!-- If you enable this option, you will need to add back the abilities to the standard GA -->
    <Row Class="5" Name="GLOBAL_SEPARATE_GREAT_ADMIRAL" Value="0" DbUpdates="1"/>

    <!-- Permits units to have promotion trees different from their assigned CombatClass (v19) -->
    <!-- See also: "Promotions - Subs Silent Running" -->
    <!-- See also: "Promotions - AntiAir Specialisations" -->
    <Row Class="4" Name="GLOBAL_PROMOTION_CLASSES" Value="0" DbUpdates="1"/>

    <!-- Ships may enter coastal forts/citadels (v19) -->
    <!-- GLOBAL_PASSABLE_FORTS=0 ships may only enter player cities or pass through allied CS cities -->
    <!-- GLOBAL_PASSABLE_FORTS=1 ships may additionally enter coastal forts in player, allied CS or no-mans land -->
    <!-- GLOBAL_PASSABLE_FORTS_ANY=1 ships may additionally enter inland forts in player, allied CS or no-mans land -->
    <!-- See also: "Global - Passable Forts" -->
    <Row Class="6" Name="GLOBAL_PASSABLE_FORTS" Value="0" DbUpdates="1"/>
    <!-- Ships may enter ANY forts/citadels (requires GLOBAL_PASSABLE_FORTS=1) -->
    <!-- See also: "Global - Passable Forts" -->
    <Row Class="6" Name="GLOBAL_PASSABLE_FORTS_ANY" Value="0"/>

    <!-- Goody Huts can always give gold, stops the late-game issue where entering a goody hut can result in nothing being awarded (v22) -->
    <!-- See also: "Goody Huts - No Auto-Mapping" -->
    <Row Class="6" Name="GLOBAL_ANYTIME_GOODY_GOLD" Value="0"/>

    <!-- Give initial production boost for cities founded on forests, as if the forest had been chopped down by a worker (v19) -->
    <!-- See also: "Global - City Forest Bonus" -->
    <Row Class="6" Name="GLOBAL_CITY_FOREST_BONUS" Value="0"/>
    <Row Class="0" Name="GLOBAL_CITY_FOREST_BONUS_PERCENT" Value="125"/> <!-- Percentage of "ring-1 chop" (v47) -->
    <!-- Also GLOBAL_CITY_FOREST_BONUS_TECH in CustomModPostDefines -->

    <!-- Give initial production boost for cities founded on jungle, as if the jungle had been chopped down by a worker (v72) -->
    <!-- See also: "Global - City Jungle Bonus" -->
    <Row Class="6" Name="GLOBAL_CITY_JUNGLE_BONUS" Value="0"/>
    <Row Class="0" Name="GLOBAL_CITY_JUNGLE_BONUS_PERCENT" Value="125"/> <!-- Percentage of "ring-1 chop" -->
    <!-- Also GLOBAL_CITY_JUNGLE_BONUS_TECH in CustomModPostDefines -->

    <!-- Permit cities to work tiles up to MAXIMUM_ACQUIRE_PLOT_DISTANCE - WARNING! Cities take 2.5 times as much memory/file space (v19) -->
    <!-- See also: "Global - City Working Distance" -->
    <Row Class="6" Name="GLOBAL_CITY_WORKING" Value="0" DbUpdates="1"/>

    <!-- Enables rebasing to and airlifting to/from improvements (v74) -->
    <!-- See also: "Units - Dwarf Broad Axeman" -->
    <Row Class="5" Name="GLOBAL_RELOCATION" Value="0" DbUpdates="1"/>

    <!-- Mountain plots return their terrain as TERRAIN_MOUNTAIN and any land unit may enter a mountain that has a road/rail route (v19) -->
    <!-- See also: "Improvement - Tunnel" -->
    <Row Class="5" Name="GLOBAL_ALPINE_PASSES" Value="0" DbUpdates="1"/>

    <!-- City States will (occasionally) gift ships (v19) -->
    <!-- See also: "Global - City States Gifts" -->
    <Row Class="5" Name="GLOBAL_CS_GIFT_SHIPS" Value="0"/>

    <!-- Units in allied militaristic City States can upgrade - requires a (cosmetic) patch to UnitPanel.lua to fix the incorrect message about being in friendly territory (v19) -->
    <!-- See also: "in Global - CS Unit Upgrades" -->
    <Row Class="5" Name="GLOBAL_CS_UPGRADES" Value="0"/>

    <!-- City States will only raze captured cities if they are very unhappy (and not just unhappy) (v19) -->
    <!-- See also: "Global - CS Raze Rarely" -->
    <Row Class="5" Name="GLOBAL_CS_RAZE_RARELY" Value="0"/>

    <!-- City States can be liberated after they have been "bought" (Austria's or Venice's UA) (v19) -->
    <!-- See also: "Global - CS Liberate After Buyout" -->
    <Row Class="5" Name="GLOBAL_CS_LIBERATE_AFTER_BUYOUT" Value="0"/>

    <!-- City States give different gifts depending on their type (cultural, religious, maritime, etc) (v19) -->
    <!-- See also: "Global - City States Gifts" -->
    <Row Class="6" Name="GLOBAL_CS_GIFTS" Value="0"/>
    
    <!-- Units gifted from City States receive XP from their spawning city, not the CS capital (v84) -->
    <!-- See also: "Global - City States Gifts" -->
    <Row Class="4" Name="GLOBAL_CS_GIFTS_LOCAL_XP" Value="0"/>
    
    <!-- City States allied to a major behave as an overseas territory of that major (v39) -->
    <!-- See also: "Global - City States Overseas Territory" -->
    <Row Class="6" Name="GLOBAL_CS_OVERSEAS_TERRITORY" Value="0"/>
    
    <!-- City States at war with each other but allied to the same major will declare peace (v39) -->
    <!-- See also: "Global - City States No Allied Skirmishes" -->
    <Row Class="4" Name="GLOBAL_CS_NO_ALLIED_SKIRMISHES" Value="0"/>
    
    <!-- Mercantile City States acquired via a Merchant of Venice do not lose their unique resources (v22) -->
    <!-- See also: "Global - Venice Keeps Resources" -->
    <Row Class="6" Name="GLOBAL_VENICE_KEEPS_RESOURCES" Value="0"/>
    
    <!-- Mercantile City States acquired via Diplomatic Marriage do not lose their unique resources (v81) -->
    <Row Class="6" Name="GLOBAL_CS_MARRIAGE_KEEPS_RESOURCES" Value="0"/>
    
    <!-- Units attacking from cities will not follow-up if they kill the defender (v19) -->
    <!-- See also: "Global - No Followup From Cities" -->
    <Row Class="6" Name="GLOBAL_NO_FOLLOWUP_FROM_CITIES" Value="0"/>

    <!-- Units attacking from designated improvements (forts, citadels, etc) will not follow-up if they kill the defender (v87) -->
    <!-- See also: "Global - No Followup From Cities" -->
    <Row Class="6" Name="GLOBAL_NO_FOLLOWUP" Value="0" DbUpdates="1"/>

    <!-- Units that can move after attacking can also capture civilian units (eg workers in empty barbarian camps) (v32) -->
    <!-- See also: "Global - No Followup From Cities" -->
    <Row Class="5" Name="GLOBAL_CAPTURE_AFTER_ATTACKING" Value="0"/>

    <!-- Trade routes can't be plundered on ocean tiles - too much sea to hide in, too many directions to escape in (v39) -->
    <!-- See also: "Global - No Ocean Plundering" -->
    <Row Class="5" Name="GLOBAL_NO_OCEAN_PLUNDERING" Value="0"/>

    <!-- Remove assembled spaceship parts from conquered capitals (v19) -->
    <!-- See also: "Global - No Conquered Spaceships" -->
    <Row Class="5" Name="GLOBAL_NO_CONQUERED_SPACESHIPS" Value="0"/>

    <!-- Modified blockade logic (v52) -->
    <!-- The standard logic says "if there is an enemy ship within two hexes of a port, it is blockaded" -->
    <!-- HOWEVER - this includes the situations where -->
    <!--   a) an enemy ship on the other side of a two-wide strip of land can blockade a port (ie enemy-land-port-water blockades the port) -->
    <!--   b) a port with two non-adjacent exits (ie on a one-wide strip of land) can be blockaded by a non-adjacent enemy (ie enemy-water-port-water blockades the port) -->
    <!-- What is needed is a check for every adjacent water plot to the port being blockaded, not a simple check of the port itself -->
    <!-- See also: "Global - Allies Block Blockades" -->
    <Row Class="6" Name="GLOBAL_ADJACENT_BLOCKADES" Value="0"/>
    <!-- Adjacent allied ships block blockades by enemy ships 2 or more tiles away (v19) -->
    <!-- See also: "Global - Allies Block Blockades" -->
    <Row Class="6" Name="GLOBAL_ALLIES_BLOCK_BLOCKADES" Value="0"/>
    <!-- Embarked combat units only blockade adjacent tiles (v19) -->
    <!-- See also: "Global - Allies Block Blockades" -->
    <Row Class="6" Name="GLOBAL_SHORT_EMBARKED_BLOCKADES" Value="0"/>

    <!-- Other player's settlers captured from Barbarians will sometimes remain as settlers (v19) -->
    <!-- See also: "Global - Grateful Settlers" -->
    <Row Class="6" Name="GLOBAL_GRATEFUL_SETTLERS" Value="0"/>
    <Row Class="0" Name="GLOBAL_GRATEFUL_SETTLERS_PERCENT" Value="20"/>
    <!-- Row Class="0" Name="GLOBAL_GRATEFUL_SETTLERS_WAR_MULTIPLIER" Value="0"/ -->
    <!-- Row Class="0" Name="GLOBAL_GRATEFUL_SETTLERS_HOSTILE_MULTIPLIER" Value="2"/ -->
    <!-- Row Class="0" Name="GLOBAL_GRATEFUL_SETTLERS_GUARDED_MULTIPLIER" Value="4"/ -->
    <!-- Row Class="0" Name="GLOBAL_GRATEFUL_SETTLERS_DECEPTIVE_MULTIPLIER" Value="4"/ -->
    <!-- Row Class="0" Name="GLOBAL_GRATEFUL_SETTLERS_AFRAID_MULTIPLIER" Value="4"/ -->
    <!-- Row Class="0" Name="GLOBAL_GRATEFUL_SETTLERS_NEUTRAL_MULTIPLIER" Value="6"/ -->
    <!-- Row Class="0" Name="GLOBAL_GRATEFUL_SETTLERS_FRIENDLY_MULTIPLIER" Value="10"/ -->
    <!-- Row Class="0" Name="GLOBAL_GRATEFUL_SETTLERS_DIVISOR" Value="8"/ -->

    <!-- Route To will only build roads, or upgrade road to rail, for human players (v44) -->
    <!-- See also: "UI - No Auto-Embark Workers" -->
    <Row Class="4" Name="GLOBAL_QUICK_ROUTES" Value="0"/>

    <!-- Units that can found a city take their religion with them (v34) -->
    <!-- See also: "Global - Religious Settlers" -->
    <Row Class="6" Name="GLOBAL_RELIGIOUS_SETTLERS" Value="0"/>
    <!-- Row Class="0" Name="GLOBAL_GRATEFUL_SETTLERS_HOLYCITY_FOUNDER" Value="20"/ -->
    <!-- Row Class="0" Name="GLOBAL_GRATEFUL_SETTLERS_HOLYCITY_OCCUPIER" Value="-20"/ -->

    <!-- Subs under ice are immune to all attacks except from other subs (v19) -->
    <!-- See also: "Units - Subs Immune Under Ice" -->
    <Row Class="6" Name="GLOBAL_SUBS_UNDER_ICE_IMMUNITY" Value="0"/>

    <!-- Paratroops can move/attack after the drop, if the drop is not at max range (v19) -->
    <!-- See also: "Units - Paratroop Enhancements" -->
    <Row Class="5" Name="GLOBAL_PARATROOPS_MOVEMENT" Value="0"/>
    <!-- Paratroops take AA damage from hostile units (v19) -->
    <!-- See also: "Units - Paratroop Enhancements" -->
    <Row Class="5" Name="GLOBAL_PARATROOPS_AA_DAMAGE" Value="0"/>

    <!-- Nukes will melt ice, however as neither the 3D nor the SV map update as the ice is removed it's fairly pointless! (v19) -->
    <Row Class="4" Name="GLOBAL_NUKES_MELT_ICE" Value="0"/>

    <!-- Great Works can generate different yields than just culture (v25) -->
    <!-- See also: "Global - Great Work Research" -->
    <!-- See also: "Global - Great Work Vaults" -->
    <Row Class="6" Name="GLOBAL_GREATWORK_YIELDTYPES" Value="0" DbUpdates="1"/>

	<!-- Great Artists, Writers and Musicians that do NOT create Great Works can be "reborn" (v84) -->
    <!-- See also: "Global - No Lost Greatworks" -->
    <Row Class="4" Name="GLOBAL_NO_LOST_GREATWORKS" Value="0"/>
	
    <!-- Units of this type will not be gifted by City States (v46) -->
    <!-- See also: "Civilization - Morindim" -->
    <Row Class="4" Name="GLOBAL_EXCLUDE_FROM_GIFTS" Value="0" DbUpdates="1"/>

    <!-- Units of this type may move after being upgraded (v46) -->
    <!-- See also: "Civilization - Morindim" -->
    <Row Class="5" Name="GLOBAL_MOVE_AFTER_UPGRADE" Value="0" DbUpdates="1"/>

    <!-- Units of this type may never embark (v46) -->
    <!-- See also: "Civilization - Morindim" -->
    <Row Class="5" Name="GLOBAL_CANNOT_EMBARK" Value="0" DbUpdates="1"/>

    <!-- Separates the Engineer, Scientist and Merchant GP counters (v52) -->
    <!-- See also: "Global - Separate GP Counters" -->
    <Row Class="6" Name="GLOBAL_SEPARATE_GP_COUNTERS" Value="0"/>

    <!-- Removes free GP (from buildings, policies, traits, etc) from the GP counters (v61) -->
    <!-- See also: "Global - Truly Free Great People" -->
    <Row Class="6" Name="GLOBAL_TRULY_FREE_GP" Value="0"/>

    <!-- Displays the opinion weight in the tooltip when meeting a leader (v80) -->
    <!-- See also: "Diplomacy - By Numbers" -->
    <Row Class="4" Name="DIPLOMACY_BY_NUMBERS" Value="0"/>

    <!-- Tech bonuses from other teams require an embassy or spy in their capital and not from just having met them (v30) -->
    <!-- See also: "Diplomacy - Tech Bonuses" -->
    <Row Class="6" Name="DIPLOMACY_TECH_BONUSES" Value="0"/>

    <!-- Human players will auto-denounce AI players before going to war with them (v39) -->
    <!-- See also: "Diplomacy - Auto-Denounce" -->
    <Row Class="6" Name="DIPLOMACY_AUTO_DENOUNCE" Value="0"/>

    <!-- Gags the AI for annoying, inter-turn, so called, diplomacy messages "You're army is weak", "You're so powerful", etc. (v67) -->
	<!--   GameEvents.DiplomacyStfu.Add(function(iAI, iResponseType, iDiploMessage, iDiploUIState, iAction, iExtraData) return GameInfoTypes.STFU_DEFAULT; end) -->
    <!-- See also: "Diplomacy - No Pointless Dialogs" -->
    <!-- See also: "Diplomacy - No Expansion Dialogs" -->
    <Row Class="5" Name="DIPLOMACY_STFU" Value="0" DbUpdates="1"/>

    <!-- Don't display leader heads (behaves more like multi-player diplomacy) (v67) -->
    <!-- See also: "Diplomacy - No Leaderheads" -->
    <Row Class="4" Name="DIPLOMACY_NO_LEADERHEADS" Value="0"/>

    <!-- Changes for the City State Diplomacy mod by Gazebo (v82) -->
    <!-- See also: "Diplomacy - City States" -->
    <Row Class="6" Name="DIPLOMACY_CITYSTATES" Value="0"/>

    <!-- Changes for the Civ4 Diplomacy Features mod by Putmalk (v36) -->
    <!-- See also: "Diplomacy - CivIV Features" -->
    <Row Class="6" Name="DIPLOMACY_CIV4_FEATURES" Value="0"/>

    <!-- Permits units to earn GG/GA points from killing barbarians, this is the trait version (ie applies to all units of the civ) of PROMOTIONS_GG_FROM_BARBARIANS (v83) -->
	<!-- See also: "Global - Commander Points From Barbarians" -->
    <Row Class="2" Name="TRAITS_GG_FROM_BARBARIANS" Value="0" DbUpdates="1"/>

    <!-- Permits land units to cross ice, this is the trait version (ie applies to all units of the civ) of PROMOTIONS_CROSS_ICE (v19) -->
    <Row Class="2" Name="TRAITS_CROSSES_ICE" Value="0" DbUpdates="1"/>

    <!-- Permits cities to work more rings (v19) -->
    <!-- See also: "Global - City Working Distance" -->
    <Row Class="2" Name="TRAITS_CITY_WORKING" Value="0"/>

    <!-- Enables traits to be enabled/obsoleted via beliefs and policies (v77) -->
	<!-- See also: "Belief - One With Natural Wonders" -->
	<!-- See also: "Policy - Diplomatic Marriage" -->
    <Row Class="6" Name="TRAITS_OTHER_PREREQS" Value="0" DbUpdates="1"/>

    <!-- Enables any belief to be selected, even if already taken (v46) -->
    <!-- See also: "Civilization - Morindim" -->
    <Row Class="6" Name="TRAITS_ANY_BELIEF" Value="0" DbUpdates="1"/>

    <!-- Enables additional trade route related traits (v52) -->
    <Row Class="6" Name="TRAITS_TRADE_ROUTE_BONUSES" Value="0" DbUpdates="1"/>

    <!-- Enables additional unit supply from traits (v78) -->
    <!-- See also: "Traits - Extra Supply" -->
    <Row Class="6" Name="TRAITS_EXTRA_SUPPLY" Value="0" DbUpdates="1"/>
	
    <!-- Permits cities to work more rings (v19) -->
    <!-- See also: "Global - City Working Distance" -->
    <Row Class="2" Name="POLICIES_CITY_WORKING" Value="0"/>

    <!-- Permits cities to work more rings (v19) -->
    <!-- See also: "Global - City Working Distance" -->
    <Row Class="2" Name="TECHS_CITY_WORKING" Value="0"/>

    <!-- Permits variable great general and admiral aura ranges (v83) -->
	<!-- See also: "Promotions - Colonels" -->
	<!-- See also: "Global - Commander Influence Borders" -->
    <Row Class="2" Name="PROMOTIONS_AURA_CHANGE" Value="0" DbUpdates="1"/>
    <!-- Permits units to earn GG/GA points from killing barbarians (v83) -->
	<!-- See also: "Global - Commander Points From Barbarians" -->
    <Row Class="2" Name="PROMOTIONS_GG_FROM_BARBARIANS" Value="0" DbUpdates="1"/>
    <!-- Permits variable recon ranges by creating extra recon range promotions (like extra sight range) (v19) -->
    <!-- See also: "Promotions - Heli AirRecon" -->
    <!-- See also: "Promotions - Jet Long Range Recon" -->
    <Row Class="2" Name="PROMOTIONS_VARIABLE_RECON" Value="1" DbUpdates="1"/>
    <!-- Permits land units to cross mountains (like the Carthage trait) (v19) -->
    <!-- See also: "Improvement - Tunnel" -->
    <!-- See also: "Promotions - Terrain Crossing" -->
    <Row Class="2" Name="PROMOTIONS_CROSS_MOUNTAINS" Value="0" DbUpdates="1"/>
    <!-- Permits coastal units to cross oceans (v19) -->
    <!-- See also: "Promotions - Terrain Crossing" -->
    <!-- See also: "Unique Unit - Longboat" -->
    <Row Class="2" Name="PROMOTIONS_CROSS_OCEANS" Value="0" DbUpdates="1"/>
    <!-- Permits land units to cross ice (v19) -->
    <!-- See also: "Promotions - Terrain Crossing" -->
    <Row Class="2" Name="PROMOTIONS_CROSS_ICE" Value="0" DbUpdates="1"/>
    <!-- Adds a HalfMove feature to the UnitPromotions_Terrains and UnitPromotions_Features tables (v19) -->
    <!-- See also: "Promotions - Terrain Crossing" -->
    <Row Class="2" Name="PROMOTIONS_HALF_MOVE" Value="0" DbUpdates="1"/>
    <!-- Permits Deep Water (Ocean) embarkation for hovering units (v19) -->
    <!-- See also: "Promotions - Terrain Crossing" -->
    <Row Class="2" Name="PROMOTIONS_DEEP_WATER_EMBARKATION" Value="0" DbUpdates="1"/>
    <!-- Permits naval units to transfer their moves to Great Admirals (like land units can to Great Generals) (v39) -->
    <!-- See also: "Promotions - Flagship" -->
    <Row Class="2" Name="PROMOTIONS_FLAGSHIP" Value="0"/>
    <!-- Permits promotions to change the base name of units, eg "Kris Swordsman" to "Kris Swordsman (Heroism)" (v46) -->
    <!-- See also: "Civilization - Morindim" -->
    <Row Class="2" Name="PROMOTIONS_UNIT_NAMING" Value="0" DbUpdates="1"/>
    <!-- Permits units to receive a combat bonus from being near an improvement (v46) -->
    <!-- See also: "Civilization - Morindim" -->
    <Row Class="4" Name="PROMOTIONS_IMPROVEMENT_BONUS" Value="0" DbUpdates="1"/>

    <!-- Permit the focus (gold, science, etc) of puppet cities to be set (but not what is being built or how specialists are allocated) (v19) -->
    <!-- Requires a mod to provide the actual UI -->
    <!-- See also: "UI - City Production" -->
    <Row Class="5" Name="UI_CITY_PRODUCTION" Value="0"/>
    <!-- Permit human players to choose they own city tiles due to cultural expansion (v19) -->
    <!-- Requires a mod to provide the actual UI -->
    <!-- See also: "UI - City Expansion" -->
    <Row Class="6" Name="UI_CITY_EXPANSION" Value="0" DbUpdates="1"/>
    <Row Class="0" Name="UI_CITY_EXPANSION_BUTTONPOPUP_MODDER_OFFSET" Value="0"/>

    <!-- National Wonders (NW) requiring a building in every city exclude those being razed (in addition to excluding puppets) (v63) -->
    <Row Class="5" Name="BUILDINGS_NW_EXCLUDE_RAZING" Value="0"/>

    <!-- Purchase of buildings in cities allows for any current production, (current production is depreciated) (v19) -->
    <!-- See also: "Global - Pro-rata Buildings Purchase" -->
    <Row Class="5" Name="BUILDINGS_PRO_RATA_PURCHASE" Value="0"/>
    <Row Class="0" Name="BUILDINGS_PRO_RATA_PURCHASE_DEPRECIATION" Value="80"/>

    <!-- Permits cities to work more rings (v19) -->
    <!-- See also: "Global - City Working Distance" -->
    <Row Class="2" Name="BUILDINGS_CITY_WORKING" Value="0"/>

    <!-- Scales trade routes based on map size and game speed (v52) -->
    <Row Class="5" Name="TRADE_ROUTE_SCALING" Value="0" DbUpdates="1"/>

    <!-- Permits wonder resource (ie Marble) trade routes to be established (v43) -->
    <!-- See also: "Trade - Marble Shipments" -->
    <Row Class="6" Name="TRADE_WONDER_RESOURCE_ROUTES" Value="0"/>

	<!-- Permits units to have no supply cost (v77) -->
	<!-- See also: "Units - Missiles No Supply" -->
    <Row Class="5" Name="UNITS_NO_SUPPLY" Value="0" DbUpdates="1"/>

    <!-- Permits units to have other than GameDefines.MAX_HIT_POINTS maximum hit points (v77) -->
	<!-- Note: Enabling this option requires custom versions of PlotMouseoverInclude.lua, EnemyUnitPanel.lua and UnitPanel.lua to remove references to GameDefines.MAX_HIT_POINTS -->
	<!-- See also: "Units - Tough Nuts" -->
    <Row Class="5" Name="UNITS_MAX_HP" Value="0" DbUpdates="1"/>
	
    <!-- Enables the XP times 100 API (v77) -->
	<!-- See also: "Units - XP Times 100" -->
    <Row Class="4" Name="UNITS_XP_TIMES_100" Value="0"/>

    <!-- Restricts worker suggestions to local tiles (at the limits specified - limits are distances between the unit and the plot as the crow flies, NOT path lengths) (v19) -->
    <!-- See also: "UI - No Auto-Embark Workers" -->
    <Row Class="5" Name="UNITS_LOCAL_WORKERS" Value="0"/>
    <Row Class="0" Name="UNITS_LOCAL_WORKERS_LANDLIMIT" Value="6"/>   <!-- How far workers will check for new tasks from where they currently are -->
    <Row Class="0" Name="UNITS_LOCAL_WORKERS_WATERLIMIT" Value="10"/> <!-- How far workboats will check for new tasks from where they currently are -->
    <Row Class="0" Name="UNITS_LOCAL_WORKERS_COMBATLIMIT" Value="3"/> <!-- How far combat units with a build skill (eg Legion) will check for new tasks from where they currently are -->

    <!-- Hovering unit can only heal over land (v19) -->
    <!-- See also: "Units - Steampunk Airships" -->
    <Row Class="6" Name="UNITS_HOVERING_LAND_ONLY_HEAL" Value="0"/>
    <!-- Permits hovering units to attack coastal shipping (v19) -->
    <!-- See also: "Units - Steampunk Airships" -->
    <Row Class="6" Name="UNITS_HOVERING_COASTAL_ATTACKS" Value="0"/>
    <Row Class="0" Name="UNITS_HOVERING_COASTAL_ATTACKS_RANGE" Value="1"/>
    <Row Class="0" Name="UNITS_HOVERING_COASTAL_ATTACKS_MULTIPLIER" Value="1"/>
    <Row Class="0" Name="UNITS_HOVERING_COASTAL_ATTACKS_DIVISOR" Value="2"/>

    <!-- Removes religion preference (v19) -->
    <!-- See also: "Religion - Randomise" -->
    <Row Class="5" Name="RELIGION_NO_PREFERRENCES" Value="0"/>
    <!-- Randomises religion choice (if preferred religion unavailable) (v19) -->
    <!-- See also: "Religion - Randomise" -->
    <Row Class="4" Name="RELIGION_RANDOMISE" Value="0"/>
    <!-- Adds ConversionModifier and GlobalConversionModifier (in the same vein as espionage modifiers) to buildings (v19) -->
    <!-- See also: "Global - Counter Religion" -->
    <Row Class="5" Name="RELIGION_CONVERSION_MODIFIERS" Value="0" DbUpdates="1"/>
    <!-- Keeps overflow faith from spawning a Great Prophet if the base spawn chance is 100% (v21) -->
    <!-- See also: "Religion - Fixed Prophets" -->
    <Row Class="4" Name="RELIGION_KEEP_PROPHET_OVERFLOW" Value="0"/>
    <!-- Inquisitors will keep religion out of allied City State cities if positioned adjacent (v60) -->
    <Row Class="4" Name="RELIGION_ALLIED_INQUISITORS" Value="0"/>
    <!-- Send purchase notifications at every boundary and not just the first (v42) -->
    <!-- See also: "Religion - Recurring Purchase Notifications" -->
    <Row Class="4" Name="RELIGION_RECURRING_PURCHASE_NOTIFIY" Value="0"/>
    <!-- Adds support for the Belief_PlotYieldChanges table (v35) -->
    <!-- See also: "Religion - Bonus Beliefs" -->
    <Row Class="6" Name="RELIGION_PLOT_YIELDS" Value="0" DbUpdates="1"/>
    <!-- Adds support for Great People being purchased by faith to be specified on a policy (usually a finisher) and not hard-coded (v53) -->
    <Row Class="6" Name="RELIGION_POLICY_BRANCH_FAITH_GP" Value="0" DbUpdates="1"/>
    <!-- Adds support for "local" religions (ie ones that only have influence within the civ's own territory) (v48) -->
    <!-- See also: "Civilization - Morindim" -->
    <Row Class="5" Name="RELIGION_LOCAL_RELIGIONS" Value="0" DbUpdates="1"/>

    <!-- Enables production to be stockpiled (v28) -->
    <!-- See also: "Buildings - Storage Yard and Stockpile" -->
    <Row Class="6" Name="PROCESS_STOCKPILE" Value="0"/>
    <!-- Row Class="0" Name="PROCESS_STOCKPILE_PER_ERA" Value="30"/ -->

    <!-- Stops the AI from adding zero-value items (eg late game horses) into trade offers (v85) -->
    <!-- See also: "AI - No Zero Value Trade Items" -->
    <Row Class="4" Name="AI_NO_ZERO_VALUE_TRADE_ITEMS" Value="0"/>

    <!-- Fixes the AI's inability to use combat units as secondary workers (v26) -->
    <!-- See also: "AI - Secondary Workers And Settlers" -->
    <Row Class="6" Name="AI_SECONDARY_WORKERS" Value="0"/>
    <!-- Fixes the AI's inability to use combat units for founding cities (v26) -->
    <!-- See also: "AI - Secondary Workers And Settlers" -->
    <Row Class="6" Name="AI_SECONDARY_SETTLERS" Value="0"/>

	<!-- Fixes the AI's inability to pick free Great Prophets, Merchants of Venice, Great Musicians and Great Writers (v82) -->
    <!-- See also: "AI - Great People Choices" -->
    <Row Class="6" Name="AI_GREAT_PEOPLE_CHOICES" Value="0"/>

    <!-- Enables JdH's MP Diplomacy code (v84) -->
    <!-- See also: "AI - MP Diplomacy" -->
    <Row Class="6" Name="AI_MP_DIPLOMACY" Value="0"/>

    <!-- Features from the "Smart AI V3 mod" by Ninakoru - see http://forums.civfanatics.com/showthread.php?t=562319 (v85) -->
    <!-- See also: "AI - Smart V3" -->
    <Row Class="6" Name="AI_SMART_V3" Value="0"/>

    <!-- Events sent when terraforming occurs (v33) -->
    <!--   GameEvents.TerraformingMap.Add(function(iEvent, iLoad) end) -->
    <!--   GameEvents.TerraformingPlot.Add(function(iEvent, iPlotX, iPlotY, iInfo, iNewValue, iOldValue, iNewExtra, iOldExtra) end) -->
    <!-- See also: "Trait - River Connection" -->
    <Row Class="3" Name="EVENTS_TERRAFORMING" Value="0"/>

    <!-- Events sent when plots change from worker actions (v44) -->
    <!--   GameEvents.TileFeatureChanged.Add(function(iPlotX, iPlotY, iOwner, iOldFeature, iNewFeature) end) -->
    <!--   GameEvents.TileImprovementChanged.Add(function(iPlotX, iPlotY, iOwner, iOldImprovement, iNewImprovement, bPillaged) end) -->
    <!--   GameEvents.TileOwnershipChanged.Add(function(iPlotX, iPlotY, iOwner, iOldOwner) end) (v46) -->
    <!--   GameEvents.TileRouteChanged.Add(function(iPlotX, iPlotY, iOwner, iOldRoute, iNewRoute, bPillaged) end) -->
    <Row Class="3" Name="EVENTS_TILE_IMPROVEMENTS" Value="0"/>

    <!-- Event sent when a plot is revealed (v58) -->
    <!--   GameEvents.TileRevealed.Add(function(iPlotX, iPlotY, iTeam, iFromTeam, bFirst, iPlayer, iUnit) end) -->
    <Row Class="3" Name="EVENTS_TILE_REVEALED" Value="0"/>

    <!-- Event sent when a team circumnavigates the globe (v19) -->
    <!--   GameEvents.CircumnavigatedGlobe.Add(function(iTeam) end) -->
    <!-- Requires a mod to actually enable the feature in-game -->
    <!-- See also: "Global - Enable Magellan" -->
    <Row Class="3" Name="EVENTS_CIRCUMNAVIGATION" Value="0"/>

    <!-- Event sent when the player enters a new era, see also NewEraPopup.lua and BUTTONPOPUP_NEW_ERA (v19) -->
    <!--   GameEvents.TeamSetEra.Add(function(eTeam, eEra, bFirst) end) -->
    <!-- See also: "Global - Espionage Race" -->
    <Row Class="3" Name="EVENTS_NEW_ERA" Value="0"/>

    <!-- Event sent when the team discovers a new Natural Wonder (v19) -->
    <!--   GameEvents.NaturalWonderDiscovered.Add(function(iTeam, iFeature, iX, iY, bFirst, iPlayer, iUnit) end) -->
    <!-- See also: "Religion - Natural Wonder Epiphany" -->
    <Row Class="3" Name="EVENTS_NW_DISCOVERY" Value="0"/>

    <!-- Event sent during Game.DoFromUIDiploEvent, see also DiscussionDialog.lua (v19) -->
    <!--   GameEvents.UiDiploEvent.Add(function(eEvent, eAIPlayer, iArg1, iArg2) end) -->
    <!-- See also: "UI - Diary" -->
    <Row Class="3" Name="EVENTS_DIPLO_EVENTS" Value="0"/>

    <!-- Enhanced Diplomacy Modifiers events (v53) -->
    <!--   GameEvents.GetDiploModifier.Add(function(iEvent, iFromPlayer, iToPlayer) return 0 end) -->
    <Row Class="3" Name="EVENTS_DIPLO_MODIFIERS" Value="0" DbUpdates="1"/>

    <!-- Events sent on status change with City States (v19) -->
    <!--   GameEvents.MinorFriendsChanged.Add(function(iMinor, iMajor, bIsFriend, iOldFriendship, iNewFriendship) end) -->
    <!--   GameEvents.MinorAlliesChanged.Add(function(iMinor, iMajor, bIsAlly, iOldFriendship, iNewFriendship) end) -->
    <!-- See also: "Global - City State Airbases" -->
    <Row Class="3" Name="EVENTS_MINORS" Value="0"/>

    <!-- Event sent upon a City State giving a gift (v73) -->
    <!--   GameEvents.MinorGift.Add(function(iMinor, iMajor, iData2, iData3, iFlags, bOpt1, bOpt2, sType) end) -->
    <Row Class="3" Name="EVENTS_MINORS_GIFTS" Value="0"/>

    <!-- Events sent on interaction with City States (v68) -->
    <!--   GameEvents.PlayerCanProtect.Add(function(iPlayer, iCS) return true end) -->
    <!--   GameEvents.PlayerProtected.Add(function(iPlayer, iCS) end) -->
    <!--   GameEvents.PlayerCanRevoke.Add(function(iPlayer, iCS) return true end) -->
    <!--   GameEvents.PlayerRevoked.Add(function(iPlayer, iCS, bPledgeNowBroken) end) -->
    <!--   GameEvents.PlayerCanBuyOut.Add(function(iPlayer, iCS) return true end) -->
    <!--   GameEvents.PlayerBoughtOut.Add(function(iPlayer, iCS) end) -->
    <!--   GameEvents.PlayerCanBullyGold.Add(function(iPlayer, iCS) return true end) -->
    <!--   GameEvents.PlayerCanBullyUnit.Add(function(iPlayer, iCS) return true end) -->
    <!--   GameEvents.PlayerBullied.Add(function(iPlayer, iCS, iGold, iUnitType, iPlotX, iPlotY) end) -->
    <!--   GameEvents.PlayerCanGiftGold.Add(function(iPlayer, iCS) return true end) -->
    <!--   GameEvents.PlayerCanGiftUnit.Add(function(iPlayer, iCS, iUnit) return true end) -->
    <!--   GameEvents.PlayerCanGiftImprovement.Add(function(iPlayer, iCS) return true end) -->
    <!--   GameEvents.PlayerGifted.Add(function(iPlayer, iCS, iGold, iUnitType, iPlotX, iPlotY) end) -->
    <!--   GameEvents.PlayerCanTransitMinorCity.Add(function(iPlayer, iCS, iCity, iPlotX, iPlotY) return true end) (v74) -->
    <!--   GameEvents.UnitCanTransitMinorCity.Add(function(iPlayer, iUnit, iCS, iCity, iPlotX, iPlotY) return true end) (v74) -->
    <Row Class="3" Name="EVENTS_MINORS_INTERACTION" Value="0"/>

    <!-- Events sent by City State quests (v81) -->
	<!--   ASSUMPTION: There is only one active quest of any given MinorCivQuestTypes per major, that is, (iPlayer, iCS, iQuest) is unique -->
    <!--   GameEvents.QuestIsAvailable.Add(function(iPlayer, iCS, iQuest, bNewQuest, iData1, iData2) return false end) -->
    <!--   GameEvents.QuestIsCompleted.Add(function(iPlayer, iCS, iQuest, bLastTurn) return false end) -->
    <!--   GameEvents.QuestIsRevoked.Add(function(iPlayer, iCS, iQuest) return false end) -->
    <!--   GameEvents.QuestIsExpired.Add(function(iPlayer, iCS, iQuest) return false end) -->
    <!--   GameEvents.QuestStart.Add(function(iPlayer, iCS, iQuest, bNewQuest, iStartTurn, iData1, iData2) end) -->
    <!--   GameEvents.QuestGetData.Add(function(iPlayer, iCS, iQuest, bData1) return 0 end) -->
    <!--   GameEvents.QuestSendNotification.Add(function(iPlayer, iCS, iQuest, iStartTurn, iEndTurn, iData1, iData2, bStarted, bFinished, sNames) end) -->
    <!--   GameEvents.QuestContestValue.Add(function(iPlayer, iCS, iQuest) return 0 end) -->
	<!--   pMajor:AddQuestNotification(iCS, sMessage, sSummary, iPlotX=-1, iPlotY=-1, bNewQuest=false) -->
    <Row Class="3" Name="EVENTS_QUESTS" Value="0" DbUpdates="1"/>

    <!-- Events sent by Barbarians (v68) -->
    <!--   GameEvents.BarbariansCanFoundCamp.Add(function(iPlotX, iPlotY) return true end) -->
    <!--   GameEvents.BarbariansCampFounded.Add(function(iPlotX, iPlotY) end) -->
    <!--   GameEvents.BarbariansCampCleared.Add(function(iPlotX, iPlotY, iPlayer) end) -->
    <!--   GameEvents.BarbariansCampCanSpawnUnit.Add(function(iPlotX, iPlotY) return true end) -->
    <!--   GameEvents.BarbariansCampGetSpawnUnit.Add(function(iPlotX, iPlotY, iPrefUnitType) return iPrefUnitType end) -->
    <!--   GameEvents.BarbariansSpawnedUnit.Add(function(iPlotX, iPlotY, iUnitType) end) -->
    <Row Class="3" Name="EVENTS_BARBARIANS" Value="0"/>

    <!-- Event sent when a Goody Hut is entered (v33) -->
    <!--   GameEvents.GoodyHutCanNotReceive.Add(function(iPlayer, iUnit, eGoody, bPick) return false end) -->
    <!-- See also: "Goody Huts - No Auto-Mapping" -->
    <Row Class="3" Name="EVENTS_GOODY_CHOICE" Value="0"/>

    <!-- Events sent if a Goody Hut is giving a tech (v30) -->
    <!--   GameEvents.GoodyHutCanResearch.Add(function(iPlayer, eTech) return true end) -->
    <!--   GameEvents.GoodyHutTechResearched.Add(function(iPlayer, eTech) end) -->
    <!-- See also: "Goody Huts - Tech Refund" -->
    <Row Class="3" Name="EVENTS_GOODY_TECH" Value="0"/>

    <!-- Event sent to allow Lua to override the AI's choice of tech (v19) -->
    <!--   GameEvents.AiOverrideChooseNextTech.Add(function(iPlayer, bFreeTech) return iChoosenTech end) -->
    <Row Class="3" Name="EVENTS_AI_OVERRIDE_TECH" Value="0"/>

    <!-- Events sent by Great People actions (v19) -->
    <!--   GameEvents.GreatPersonExpended.Add(function(iPlayer, iUnit, iUnitType, iX, iY) end) -->
    <Row Class="3" Name="EVENTS_GREAT_PEOPLE" Value="0"/>

    <!-- Events sent when a player is about to found a religion (v19) -->
    <!--   GameEvents.PlayerCanFoundPantheon.Add(function(iPlayer) return true end) -->
    <!--   GameEvents.PlayerCanFoundReligion.Add(function(iPlayer, iCity) return true end) -->
    <!--   GameEvents.GetReligionToFound.Add(function(iPlayer, iPreferredReligion, bIsAlreadyFounded) return iPreferredReligion end) -->
    <!--   GameEvents.PantheonFounded.Add(function(iPlayer, iCapitalCity, iReligion, iBelief1) end) -->
    <!--   GameEvents.ReligionFounded.Add(function(iPlayer, iHolyCity, iReligion, iBelief1, iBelief2, iBelief3, iBelief4, iBelief5) end) -->
    <!--   GameEvents.ReligionEnhanced.Add(function(iPlayer, iReligion, iBelief1, iBelief2) end) -->
    <!--   GameEvents.ReligionReformed.Add(function(iPlayer, iReligion, iBelief1) end) (v65) -->
    <!-- See also: "Religion - Civ Specific Religions" -->
    <Row Class="3" Name="EVENTS_FOUND_RELIGION" Value="0"/>

    <!-- Events sent when choosing beliefs (v19) -->
    <!--   GameEvents.PlayerCanHaveBelief.Add(function(iPlayer, iBelief) return true end) -->
    <!--   GameEvents.ReligionCanHaveBelief.Add(function(iPlayer, iReligion, iBelief) return true end) -->
    <!-- See also: "Religion - Civ Specific Religions" -->
    <Row Class="3" Name="EVENTS_ACQUIRE_BELIEFS" Value="0"/>

    <!-- Events sent to see if religion missions are valid (v46) -->
    <!--   GameEvents.PlayerCanSpreadReligion.Add(function(iPlayer, iUnit, iPlotX, iPlotY) return true end) -->
    <!--   GameEvents.PlayerCanRemoveHeresy.Add(function(iPlayer, iUnit, iPlotX, iPlotY) return true end) -->
    <Row Class="3" Name="EVENTS_RELIGION" Value="0"/>

    <!-- Events sents on espionage outcomes (v63) -->
    <!--   GameEvents.EspionageResult.Add(function(iPlayer, iSpy, iResult, iCityX, iCityY) end) -->
    <!--   GameEvents.EspionageState.Add(function(iPlayer, iSpy, iState, iCityX, iCityY) end) -->
    <Row Class="3" Name="EVENTS_ESPIONAGE" Value="0"/>

    <!-- Events sent by plots (v30) -->
    <!--   GameEvents.PlayerCanBuild.Add(function(iPlayer, iUnit, iX, iY, iBuild) return true end) -->
    <!--   GameEvents.PlotCanImprove.Add(function(iX, iY, iImprovement) return true end) -->
    <!--   GameEvents.PlayerBuilding.Add(function(iPlayer, iUnit, iX, iY, iBuild, bStarting) end) (v46) -->
    <!--   GameEvents.PlayerBuilt.Add(function(iPlayer, iUnit, iX, iY, iBuild) end) (v46) -->
    <!-- See also: "Improvement - Pontoon Bridge" -->
    <Row Class="3" Name="EVENTS_PLOT" Value="0"/>

    <!-- Events sent by golden ages (v52) -->
    <!--   GameEvents.PlayerGoldenAge.Add(function(iPlayer, bStart, iTurns) end) -->
    <Row Class="3" Name="EVENTS_GOLDEN_AGE" Value="0"/>

    <!-- Events sent after a city produces/buys/sells something (v19) -->
    <!--   GameEvents.CityTrained.Add(function(iPlayer, iCity, iUnit, bGold, bFaith) end) -->
    <!--   GameEvents.CityConstructed.Add(function(iPlayer, iCity, iBuilding, bGold, bFaith) end) -->
    <!--   GameEvents.CityCreated.Add(function(iPlayer, iCity, iProject, bGold, bFaith) end) -->
    <!--   GameEvents.CityPrepared.Add(function(iPlayer, iCity, iSpecialist, bGold, bFaith) end) (v33) -->
    <!--   GameEvents.CityBoughtPlot.Add(function(iPlayer, iCity, iPlotX, iPlotY, bGold, bCulture) end) -->
    <!--   GameEvents.CitySoldBuilding.Add(function(iPlayer, iCity, iBuilding) end) -->
    <Row Class="3" Name="EVENTS_CITY" Value="0"/>

    <!-- Event sent after a civilization moves their capital (v73) -->
    <!--   GameEvents.CapitalChanged.Add(function(iPlayer, iNewCapital, iOldCapital) end) -->
    <Row Class="3" Name="EVENTS_CITY_CAPITAL" Value="0"/>
    
    <!-- Event sent to ascertain if a city can acquire a plot (v20) -->
    <!--   GameEvents.CityCanAcquirePlot.Add(function(iPlayer, iCity, iPlotX, iPlotY) return true end) -->
    <!-- See also: "Global - Coastal Waters Only" -->
    <Row Class="3" Name="EVENTS_CITY_BORDERS" Value="0"/>
    
    <!-- Event sent about city founding (v68) -->
    <!--   GameEvents.PlayerCanFoundCity.Add(function(iPlayer, iPlotX, iPlotY) return true end) -->
    <!--   GameEvents.PlayerCanFoundCityRegardless.Add(function(iPlayer, iPlotX, iPlotY) return false end) -->
    <Row Class="3" Name="EVENTS_CITY_FOUNDING" Value="0"/>
	
    <!-- Event sent to ascertain if a player can liberate another player (v68) -->
    <!--   GameEvents.PlayerCanLiberate.Add(function(iPlayer, iOtherPlayer) return true end) -->
    <!--   GameEvents.PlayerLiberated.Add(function(iPlayer, iOtherPlayer, iCity) end) -->
    <Row Class="3" Name="EVENTS_LIBERATION" Value="0"/>
	
    <!-- Event sent to ascertain if a player can over-ride the standard razing rules for the specified city and raze it anyway (v20) -->
    <!--   GameEvents.PlayerCanRaze.Add(function(iPlayer, iCity) return false end) -->
    <!-- See also: "Global - Raze Major Capitals" -->
    <Row Class="3" Name="EVENTS_CITY_RAZING" Value="0"/>

    <!-- Event sent to ascertain if a city can perform airlifts (v68) -->
    <!--   GameEvents.CityCanAirlift.Add(function(iPlayer, iCity) return false end) -->
    <Row Class="3" Name="EVENTS_CITY_AIRLIFT" Value="0"/>

    <!-- Event sent to ascertain the bombard range for a city, and if indirect fire is allowed (v32) -->
    <!-- Return a negative range if indirect fire is permitted -->
    <!--   GameEvents.GetBombardRange.Add(function(iPlayer, iCity) return (-1 * GameDefines.CITY_ATTACK_RANGE) end) -->
    <!-- See also: "Global - City Bombard Range" -->
    <Row Class="3" Name="EVENTS_CITY_BOMBARD" Value="0" DbUpdates="1"/>

    <!-- Events sent to ascertain if one city is connected to another (v33) -->
    <!--   GameEvents.CityConnections.Add(function(iPlayer, bDirect) return false end) -->
    <!--   GameEvents.CityConnected.Add(function(iPlayer, iCityX, iCityY, iToCityX, iToCityY, bDirect) return false end) -->
    <!-- See also: "Trait - River Connection" -->
    <!-- See also: "Global - Air Routes" -->
    <Row Class="3" Name="EVENTS_CITY_CONNECTIONS" Value="0"/>

    <!-- Events sent to ascertain if an area can have civ specific resources and to place those resources (v20) -->
    <!--   GameEvents.AreaCanHaveAnyResource.Add(function(iPlayer, iArea) return true end) -->
    <!--   GameEvents.PlaceResource.Add(function(iPlayer, iResource, iCount, iPlotX, iPlotY) end) -->
    <!-- See also: "Global - Spice Islands" -->
    <Row Class="3" Name="EVENTS_AREA_RESOURCES" Value="0"/>

	<!-- Events sent to ascertain if a unit can airlift from/to a specific plot (v74) -->
	<!--   GameEvents.CanAirliftFrom.Add(function(iPlayer, iUnit, iPlotX, iPlotY) return false end) -->
	<!--   GameEvents.CanAirliftTo.Add(function(iPlayer, iUnit, iPlotX, iPlotY) return false end) -->
    <Row Class="3" Name="EVENTS_AIRLIFT" Value="0"/>

    <!-- Events sent to ascertain if a unit can rebase to a specific plot (either a city or a carrier) (v19) -->
    <!--   GameEvents.CanLoadAt.Add(function(iPlayer, iUnit, iPlotX, iPlotY) return false end) -->
    <!--   GameEvents.CanRebaseInCity.Add(function(iPlayer, iUnit, iPlotX, iPlotY) return false end) -->
    <!--   GameEvents.CanRebaseTo.Add(function(iPlayer, iUnit, iPlotX, iPlotY, bIsCity) return false end) -->
    <!--   GameEvents.RebaseTo.Add(function(iPlayer, iUnit, iPlotX, iPlotY) end) -->
    <!-- See also: "Improvement - Airbases" -->
    <!-- See also: "Global - City State Airbases" -->
    <Row Class="3" Name="EVENTS_REBASE" Value="0"/>

    <!-- Events sent before and after a paradrop (v19) -->
    <!--   GameEvents.CanParadropFrom.Add(function(iPlayer, iUnit, iPlotX, iPlotY) return false end) -->
    <!--   GameEvents.CannotParadropFrom.Add(function(iPlayer, iUnit, iPlotX, iPlotY) return false end) -->
    <!--   GameEvents.ParadropAt.Add(function(iPlayer, iUnit, iFromX, iFromY, iToX, iToY) end) -->
    <!-- See also: "Units - Paratroop Enhancements" -->
    <Row Class="3" Name="EVENTS_PARADROPS" Value="0"/>

    <!-- Event sent when a unit is created (v46) -->
    <!--   GameEvents.UnitCreated.Add(function(iPlayer, iUnit, iUnitType, iPlotX, iPlotY) end) -->
    <Row Class="3" Name="EVENTS_UNIT_CREATED" Value="0"/>

    <!-- Event sent when a unit founds a city (v58) -->
    <!--   GameEvents.UnitCityFounded.Add(function(iPlayer, iUnit, iUnitType, iPlotX, iPlotY) end) -->
    <Row Class="3" Name="EVENTS_UNIT_FOUNDED" Value="0"/>

    <!-- Event sent just before a unit is killed (via CvUnit::kill()) (v22) -->
    <!--   GameEvents.UnitPrekill.Add(function(iPlayer, iUnit, iUnitType, iX, iY, bDelay, iByPlayer) end) -->
    <!-- See also: "UI - Antiquity Site Tooltips" -->
    <Row Class="3" Name="EVENTS_UNIT_PREKILL" Value="0"/>

    <!-- Event sent as a unit is captured (v46) -->
	<!--   GameEvents.UnitCaptured.Add(function(iByPlayer, iByUnit, iCapturedPlayer, iCapturedUnit, bWillBeKilled, iReason) end) (v69) -->
	<!--     iReason - 0=Move, 1=Combat, 2=Trait (barb land), 3=Trait (barb naval), 4=Belief (barb) -->
    <!--   GameEvents.UnitCaptureType.Add(function(iPlayer, iUnit, iUnitType, iByCiv) return iCaptureUnitType; end) -->
    <Row Class="3" Name="EVENTS_UNIT_CAPTURE" Value="0"/>

	<!-- Events sent as units perform actions (v86) -->
	<!--   GameEvents.UnitCanPillage.Add(function(iPlayer, iUnit, iImprovement, iRoute) return true end) -->
	<!--   GameEvents.UnitPillageGold.Add(function(iPlayer, iUnit, iImprovement, iGold) return iGold end) -->
	<!--   GameEvents.UnitCanFollowupFrom.Add(function(iPlayer, iUnit, iImprovement, iFromX, iFromY, iToX, iToY) return true end) (v87) -->
    <Row Class="3" Name="EVENTS_UNIT_ACTIONS" Value="0"/>

    <!-- Events sent as units are promoted/upgraded (v19) -->
    <!--   GameEvents.CanHavePromotion.Add(function(iPlayer, iUnit, iPromotionType) return true end) -->
    <!--   GameEvents.UnitPromoted.Add(function(iPlayer, iUnit, iPromotionType) end) -->
    <!--   GameEvents.CanHaveAnyUpgrade.Add(function(iPlayer, iUnit) return true end) -->
    <!--   GameEvents.CanHaveUpgrade.Add(function(iPlayer, iUnit, iUnitClassType, iUnitType) return true end) -->
    <!--   GameEvents.UnitUpgraded.Add(function(iPlayer, iOldUnit, iNewUnit, bGoodyHut) end) -->
    <Row Class="3" Name="EVENTS_UNIT_UPGRADES" Value="0"/>
    
    <!-- Events sent as units are created (v51) -->
    <!--   GameEvents.UnitCanHaveName.Add(function(iPlayer, iUnit, iName) return true end) -->
    <!--   GameEvents.UnitCanHaveGreatWork.Add(function(iPlayer, iUnit, iGreatWork) return true end) -->
    <Row Class="3" Name="EVENTS_UNIT_DATA" Value="0"/>

    <!-- Event sent as ascertain if a trade route can be created (v68) -->
    <!--   GameEvents.PlayerCanCreateTradeRoute.Add(function(iFromPlayer, iFromCity, iToPlayer, iToCity, iDomain, iConnectionType) return true end) -->
    <Row Class="3" Name="EVENTS_TRADE_ROUTES" Value="0"/>

    <!-- Event sent as a trade route is plundered (v52) -->
    <!--   GameEvents.PlayerPlunderedTradeRoute.Add(function(iPlayer, iUnit, iPlunderedGold, iFromPlayer, iFromCity, iToPlayer, iToCity, iRouteType, iRouteDomain) end) -->
    <Row Class="3" Name="EVENTS_TRADE_ROUTE_PLUNDERED" Value="0"/>

    <!-- Events sent about war and peace (v19) -->
    <!--   GameEvents.PlayerCanDeclareWar.Add(function(iPlayer, iAgainstTeam) return true end) -->
    <!--   GameEvents.IsAbleToDeclareWar.Add(function(iPlayer, iAgainstTeam) return true end) - deprecated, use PlayerCanDeclareWar -->
    <!--   GameEvents.DeclareWar.Add(function(iPlayer, iAgainstTeam, bAggressor) end) -->
    <!--   GameEvents.PlayerCanMakePeace.Add(function(iPlayer, iAgainstTeam) return true end) -->
    <!--   GameEvents.IsAbleToMakePeace.Add(function(iPlayer, iAgainstTeam) return true end) - deprecated, use PlayerCanMakePeace -->
    <!--   GameEvents.MakePeace.Add(function(iPlayer, iAgainstTeam, bPacifier) end) -->
    <Row Class="3" Name="EVENTS_WAR_AND_PEACE" Value="0"/>

    <!-- Events sent about ideologies and tenets (v51) -->
    <!--   GameEvents.PlayerCanAdopyIdeology.Add(function(iPlayer, iIdeology) return true end) -->
    <!--   GameEvents.PlayerCanAdopyTenet.Add(function(iPlayer, iTenet) return true end) -->
    <Row Class="3" Name="EVENTS_IDEOLOGIES" Value="0"/>

    <!-- Events sent about resolutions (v51) -->
    <!--   GameEvents.PlayerCanPropose.Add(function(iPlayer, iResolution, iChoice, bEnact) return true end) -->
    <!--   GameEvents.ResolutionProposing.Add(function(iPlayer, iLeague) return false; end) (v88) -->
    <!--   GameEvents.ResolutionVoting.Add(function(iPlayer, iLeague) return false; end) (v88) -->
    <!--   GameEvents.ResolutionResult.Add(function(iResolution, iChoice, bEnact, bPassed) end) -->
    <Row Class="3" Name="EVENTS_RESOLUTIONS" Value="0"/>

    <!-- Event sent when a nuke is fired (v19) -->
    <!--   GameEvents.NuclearDetonation.Add(function(iPlayer, iX, iY, bWar, bBystanders) end) -->
    <Row Class="3" Name="EVENTS_NUCLEAR_DETONATION" Value="0"/>

    <!-- Event sent to see if a command is valid (v46) -->
    <!--   GameEvents.PlayerCanDoCommand.Add(function(iPlayer, iUnit, iCommand, iData1, iData2, iPlotX, iPlotY, bTestVisible) return true end) -->
    <Row Class="3" Name="EVENTS_COMMAND" Value="0"/>

    <!-- Events sent for custom missions (v46) -->
    <!--   CUSTOM_MISSION_NO_ACTION       = 0 -->
    <!--   CUSTOM_MISSION_ACTION          = 1 -->
    <!--   CUSTOM_MISSION_DONE            = 2 -->
    <!--   CUSTOM_MISSION_ACTION_AND_DONE = 3 -->
    <!--   GameEvents.CustomMissionPossible.Add(function(iPlayer, iUnit, iMission, iData1, iData2, iFlags=0, iTurn=-1, iPlotX, iPlotY, bTestVisible) return false end) -->
    <!--   GameEvents.CustomMissionStart.Add(function(iPlayer, iUnit, iMission, iData1, iData2, iFlags, iTurn) return CUSTOM_MISSION_ACTION end) -->
    <!--   GameEvents.CustomMissionSetActivity.Add(function(iPlayer, iUnit, iMission, iData1, iData2, iFlags, iTurn) return CUSTOM_MISSION_ACTION_AND_DONE end) -->
    <!--   GameEvents.CustomMissionDoStep.Add(function(iPlayer, iUnit, iMission, iData1, iData2, iFlags, iTurn) return CUSTOM_MISSION_ACTION_AND_DONE end) -->
    <!--   GameEvents.CustomMissionCompleted.Add(function(iPlayer, iUnit, iMission, iData1, iData2, iFlags, iTurn) return false end) -->
    <!--   GameEvents.CustomMissionTargetPlot.Add(function(iPlayer, iUnit, iMission, iData1, iData2, iFlags, iTurn) return iPlotIndex end) -->
    <!--   GameEvents.CustomMissionCycleTime.Add(function(iPlayer, iUnit, iMission, iData1, iData2, iFlags, iTurn) return iCameraTime end) - iCameraTime is 0, 1, 5 or 10 -->
    <!--   GameEvents.CustomMissionTimerInc.Add(function(iPlayer, iUnit, iMission, iData1, iData2, iFlags, iTurn) return iTimerInc end) -->
    <!-- See also: "Civilization - Morindim" -->
    <Row Class="3" Name="EVENTS_CUSTOM_MISSIONS" Value="0"/>

    <!-- Events sent during combat (v68) -->
    <!--   GameEvents.BattleStarted.Add(function(iType, iPlotX, iPlotY) end) -->
    <!--   GameEvents.BattleJoined.Add(function(iPlayer, iUnitOrCity, iRole, bIsCity) end) -->
    <!--   GameEvents.BattleFinished.Add(function() end) -->
    <Row Class="3" Name="EVENTS_BATTLES" Value="0" DbUpdates="1"/>
    <!--   GameEvents.BattleDamageDelta.Add(function(iRole, iBaseDamage) return 0 end) -->
    <Row Class="3" Name="EVENTS_BATTLES_DAMAGE" Value="0"/>

    <!-- Events generated by the RED (by Gedemon) dll mod code (v19) -->
    <!--   Turn   ==> PlayerEndTurnInitiated, PlayerEndTurnCompleted, TurnComplete -->
    <!--   Combat ==> PushingMissionTo, MustAbortAttack, CombatResult, CombatEnded -->
    <Row Class="3" Name="EVENTS_RED_TURN" Value="0"/>
    <Row Class="3" Name="EVENTS_RED_COMBAT" Value="0"/>
    <Row Class="3" Name="EVENTS_RED_COMBAT_MISSION" Value="0"/>
    <Row Class="3" Name="EVENTS_RED_COMBAT_ABORT" Value="0"/>
    <Row Class="3" Name="EVENTS_RED_COMBAT_RESULT" Value="0"/>
    <Row Class="3" Name="EVENTS_RED_COMBAT_ENDED" Value="0"/>

    <!-- Event sent to ascertain if a unit can move into a given plot (v19) -->
    <!--   GameEvents.CanMoveInto.Add(function(iPlayer, iUnit, iPlotX, iPlotY, bAttack, bDeclareWar) return true end) -->
    <!--   Also requires each unit type to receive the event to be enabled via the new SendCanMoveIntoEvent column in the Units table -->
    <!-- See also: "Units - Railroad Artillery" -->
    <!-- See also: "Civilization - Morindim" -->
    <Row Class="3" Name="EVENTS_CAN_MOVE_INTO" Value="0" DbUpdates="1"/>

    <!-- Most API enhancements cannot be turned on or off, those entries (*) are just here to get their entries into the CustomMod.log file -->
    <!-- Enables the Plot Based Damage API (replaces fixed damage from mountains) (v19) -->
    <!-- Take care when enabling this and adding terrain based damage for ice as you will probably want to give submarines the IgnoreTerrainDamage promotion -->
    <!-- See also: "Promotions - Terrain Crossing" -->
    <Row Class="2" Name="API_PLOT_BASED_DAMAGE" Value="0" DbUpdates="1"/>

    <!-- Enables the Plot Yield tables (v35) -->
    <!-- See also: "Religion - Bonus Beliefs" -->
    <Row Class="2" Name="API_PLOT_YIELDS" Value="1" DbUpdates="1"/>

    <!-- * Enables the Unified Yields extensions (v54) -->
    <Row Class="2" Name="API_UNIFIED_YIELDS" Value="1" DbUpdates="1"/>
    <!-- * Enables the Unified Yields (YIELD_TOURISM) extensions (v56) -->
    <Row Class="2" Name="API_UNIFIED_YIELDS_TOURISM" Value="1" DbUpdates="1"/>
    <!-- * Enables the Unified Yields (YIELD_GOLDEN_AGE_POINTS) extensions (v57) -->
    <Row Class="2" Name="API_UNIFIED_YIELDS_GOLDEN_AGE" Value="1" DbUpdates="1"/>

    <!-- Enables the Achievements table (v45) -->
    <Row Class="2" Name="API_ACHIEVEMENTS" Value="0" DbUpdates="1"/>

    <!-- Enables the Player Logs API (v68) -->
    <Row Class="2" Name="API_PLAYER_LOGS" Value="0"/>

    <!-- * Enables the Espionage API (v19) -->
    <!-- See also: "Global - Espionage Race" -->
    <!-- See also: "Global - Espionage Mapping" -->
    <Row Class="2" Name="API_ESPIONAGE" Value="1"/>

    <!-- * Enables the Trade Routes API (v23) -->
    <!-- See also: "UI - Trade Routes Enhancements" -->
    <Row Class="2" Name="API_TRADEROUTES" Value="1"/>

    <!-- * Enables the Religion API (v19) -->
    <!-- See also: "Religion - Natural Wonder Epiphany" -->
    <Row Class="2" Name="API_RELIGION" Value="1"/>

    <!-- * Enables the LUA Extensions API - see http://forums.civfanatics.com/showthread.php?t=492305 (v19) -->
    <Row Class="2" Name="API_LUA_EXTENSIONS" Value="1"/>
    <!-- * Enables the Extensions API (v19) -->
    <!-- See also: "Unique Building - Cistern" -->
    <Row Class="2" Name="API_EXTENSIONS" Value="1"/>
    <!-- * Push various hard-coded values controlling the game out into XML - see DB/CONFIG/GameInXml.sql for specific values (v53) -->
    <Row Class="2" Name="CONFIG_GAME_IN_XML" Value="1"/>
    <!-- * Push various hard-coded values controlling the AI out into XML - see DB/CONFIG/AiInXml.sql for specific values (v19) -->
    <Row Class="2" Name="CONFIG_AI_IN_XML" Value="1"/>
        
    <!-- Some bug fixes cannot be turned on or off, those entries (*) are just here to get their entries into the CustomMod.log file -->
    <!-- * Fixes the bug where a city doesn't work its centre tile (v45) -->
    <Row Class="1" Name="BUGFIX_CITY_CENTRE_WORKING" Value="1"/>
	<!-- * Fixes the bug of creating a capital from a puppet city, and leaving it that way (v73) -->
    <Row Class="1" Name="BUGFIX_NO_PUPPET_CAPITALS" Value="1"/>
    <!-- * Adds missing policy events when adopting an ideology (v33) -->
    <Row Class="1" Name="BUGFIX_MISSING_POLICY_EVENTS" Value="1"/>
    <!-- * Fixes trade routes sticking to coastal water when the player has the EmbarkAllWater trait (v33) -->
    <Row Class="1" Name="BUGFIX_TRADE_ROUTES_EMBARK_ALL_WATER" Value="1"/>
    <!-- * Fixes the bug where Venice puppets it's own capital (v42) -->
    <Row Class="1" Name="BUGFIX_VENICE_PUPPETS_CAPITAL" Value="1"/>
    <!-- Fixes the issues with using dummy policies (v77) -->
    <!-- See also: "Policy - Dummies" -->
    <Row Class="1" Name="BUGFIX_DUMMY_POLICIES" Value="0" DbUpdates="1"/>
    <!-- Fixes the 'radaring' bug/exploit - see https://www.reddit.com/r/nqmod/comments/34reu9/how_to_remove_radaring/ (v74) -->
    <!-- See also: "Global - No Radaring Exploit" -->
    <Row Class="1" Name="BUGFIX_RADARING" Value="0"/>
    <!-- Fixes the research overflow bug/exploit (v52) -->
    <!-- See also: "Global - No Science Overflow Exploit" -->
    <Row Class="1" Name="BUGFIX_RESEARCH_OVERFLOW" Value="0"/>
    <!-- * Fixes the bug in the Lua Plot:ChangeVisibilityCount() method where iChange is treated as a boolean and not a signed int (v23) -->
    <!-- See also: "Units - Visible Trade Units" -->
    <Row Class="1" Name="BUGFIX_LUA_CHANGE_VISIBILITY_COUNT" Value="1"/>
    <!-- Fixes the bug that excludes spy pressure (Underground Sects) from the city banner tooltip display (v45) -->
    <Row Class="1" Name="BUGFIX_RELIGIOUS_SPY_PRESSURE" Value="1"/>
    <!-- * Fixes the CanMoveAfterPurchase() bug where it is only tested for at one specific point in the code (v26) -->
    <!-- See also: "Global - Civilians Move After Purchase" -->
    <Row Class="1" Name="BUGFIX_MOVE_AFTER_PURCHASE" Value="1"/>
    <!-- * Fixes the issues caused by using UNIT_XYZ instead of UNITCLASS_XYZ (v26) -->
    <Row Class="1" Name="BUGFIX_UNITCLASS_NOT_UNIT" Value="1"/>
    <!-- * Fixes the issues caused by using BUILDING_XYZ instead of BUILDINGCLASS_XYZ (v26) -->
    <Row Class="1" Name="BUGFIX_BUILDINGCLASS_NOT_BUILDING" Value="1"/>
    <!-- * Fixes the NumCitiesFreeFoodBuilding (policy finisher) bug where the civilization has a UB for the Aquaduct (v19) -->
    <!-- See also: "Unique Building - Turkish Baths" -->
    <Row Class="1" Name="BUGFIX_FREE_FOOD_BUILDING" Value="1"/>
    <!-- * Fixes the bug where the naval Civilization_FreeUnits start on land (v19) -->
    <Row Class="1" Name="BUGFIX_NAVAL_FREE_UNITS" Value="1"/>
    <!-- Fixes the bug where the naval units jump to the nearest city and not the nearest available non-lake water plot (v19) -->
    <!-- See also: "Global - Naval Nearest Water" -->
    <Row Class="1" Name="BUGFIX_NAVAL_NEAREST_WATER" Value="0"/>
    <!-- Fixes the bug where stacked ranged units may attack out of cities but melee units may not (v19) -->
    <!-- See also: "Global - 2 Units Per Fort" -->
    <!-- See also: "Global - 3 Units Per City" -->
    <!-- See also: "Global - No Followup From Cities" -->
    <Row Class="1" Name="BUGFIX_CITY_STACKING" Value="0"/>
    <!-- Fixes the bug where Barb Camps ignore the ValidTerrains and ValidFeatures tables (v19) -->
    <Row Class="1" Name="BUGFIX_BARB_CAMP_TERRAINS" Value="1"/>
    <!-- Fixes the bug where Barb Camps won't spawn units if they are added via pPlot:SetImprovementType() (v21) -->
    <Row Class="1" Name="BUGFIX_BARB_CAMP_SPAWNING" Value="1"/>
    <!-- Fixes the bug where ranged combat (archers, catapults, ships and planes) against barbarians generates Great People XP (v43) -->
    <Row Class="1" Name="BUGFIX_BARB_GP_XP" Value="1"/>
    <!-- Fixes the bug where you can't remove roads in no-mans-land originally built by a now dead player (v19) -->
    <!-- See also: "Global - Remove Ghost Routes" -->
    <Row Class="1" Name="BUGFIX_REMOVE_GHOST_ROUTES" Value="0"/>
    <!-- Fixes healing units ignoring enemy units and sleeping units under direct fire remaining asleep (v19) -->
    <!-- See also: "Global - Units Awake In Danger" -->
    <Row Class="1" Name="BUGFIX_UNITS_AWAKE_IN_DANGER" Value="0"/>
    <!-- Fixes workers stopping what they are doing at any hint of danger to only when they can see an enemy unit (v19) -->
    <!-- See also: "Global - Units Awake In Danger" -->
    <Row Class="1" Name="BUGFIX_WORKERS_VISIBLE_DANGER" Value="0"/>
    <!-- Fixes the hard-coding of what builds remove which features (v45) -->
    <Row Class="1" Name="BUGFIX_FEATURE_REMOVAL" Value="1" DbUpdates="1"/>
    <!-- Fixes the bug in calculating AA interception strength which takes terrain into account (v19) -->
    <!-- See also: "Promotions - AntiAir Only Defensive" -->
    <Row Class="1" Name="BUGFIX_INTERCEPTOR_STRENGTH" Value="0"/>
    <!-- Fixes the very dodgy maths in the calculation of a unit's power (v19) -->
    <!-- See also: "Promotions - AntiAir Only Defensive" -->
    <Row Class="1" Name="BUGFIX_UNIT_POWER_CALC" Value="0"/>
    <!-- Fixes the Anti-Air non-domain bonuses issue, requires BUGFIX_UNIT_POWER_CALC to be enabled (v19) -->
    <!-- See also: "Promotions - AntiAir Only Defensive" -->
    <Row Class="1" Name="BUGFIX_UNIT_POWER_BONUS_VS_DOMAIN_ONLY" Value="0"/>
    <!-- Fixes the naval imbalance in a unit's power calculation, requires BUGFIX_UNIT_POWER_CALC to be enabled (v19) -->
    <!-- See also: "Promotions - AntiAir Only Defensive" -->
    <Row Class="1" Name="BUGFIX_UNIT_POWER_NAVAL_CONSISTENCY" Value="0"/>
    <!-- * Fixes the bug where units can upgrade even without any pre-req project being available (v22) -->  
    <Row Class="1" Name="BUGFIX_UNIT_PREREQ_PROJECT" Value="1"/>
    <!-- * Fixes a bug where hovering units can be chosen as rebels! (v39) -->  
    <Row Class="1" Name="BUGFIX_NO_HOVERING_REBELS" Value="1"/>
    <!-- * Fixes a bug in the pathfinder code for hovering units at the seaside! (v19) -->  
    <Row Class="1" Name="BUGFIX_HOVERING_PATHFINDER" Value="1"/>
  </CustomModOptions>

  <CustomModPostDefines>
    <!-- Give initial production boost for cities founded on forests, as if the forest had been chopped down by a worker (v19) -->
    <!-- See also: "Global - City Forest Bonus" -->
    <!-- Row Name="GLOBAL_CITY_FOREST_BONUS_TECH" Table="Technologies" Type="TECH_MINING"/ --> <!-- Required tech (v47) -->

    <!-- Give initial production boost for cities founded on jungle, as if the jungle had been chopped down by a worker (v72) -->
    <!-- See also: "Global - City Jungle Bonus" -->
    <!-- Row Name="GLOBAL_CITY_JUNGLE_BONUS_TECH" Table="Technologies" Type="TECH_BRONZE_WORKING"/ --> <!-- Required tech -->
  </CustomModPostDefines>
</GameData>