<?xml version="1.0" encoding="utf-8"?>
<GameData>
	<!-- See also: RELIGION/PlotYields.xml -->
	
	<Table name="Plots">
		<Column name="ID" type="integer" primarykey="true" autoincrement="true"/>
		<Column name="Type" type="text" notnull="true" unique="true"/>
		<Column name="Description" type="text" reference="Language_en_US(Tag)" />
		<Column name="Civilopedia" type="text" reference="Language_en_US(Tag)"/>
		<Column name="Water" type="boolean" default="false"/>
		<Column name="Impassable" type="boolean" default="false"/>
		<Column name="PortraitIndex" type="integer" default="-1"/>
		<Column name="IconAtlas" type="text" default="NULL" reference="IconTextureAtlases(Atlas)"/>
	</Table>
	
	<Table name="Plot_Yields">
		<!-- Refer to Terrain_Yields -->
		<Column name="PlotType" type="text" reference="Plots(Type)"/>
		<Column name="YieldType" type="text" reference="Yields(Type)"/>
		<Column name="Yield" type="integer" default="0"/>
	</Table>
	<Table name="Building_PlotYieldChanges">
		<!-- Refer to Belief_TerrainYieldChanges -->
		<Column name="BuildingType" type="text" reference="Buildings(Type)"/>
		<Column name="PlotType" type="text" reference="Plots(Type)"/>
		<Column name="YieldType" type="text" reference="Yields(Type)"/>
		<Column name="Yield" type="integer" default="0"/>
	</Table>
	<Table name="Policy_PlotYieldChanges">
		<!-- Refer to Belief_TerrainYieldChanges -->
		<Column name="PolicyType" type="text" reference="Policies(Type)"/>
		<Column name="PlotType" type="text" reference="Plots(Type)"/>
		<Column name="YieldType" type="text" reference="Yields(Type)"/>
		<Column name="Yield" type="integer" default="0"/>
	</Table>
	<Table name="Trait_PlotYieldChanges">
		<!-- Refer to Belief_TerrainYieldChanges -->
		<Column name="TraitType" type="text" reference="Traits(Type)"/>
		<Column name="PlotType" type="text" reference="Plots(Type)"/>
		<Column name="YieldType" type="text" reference="Yields(Type)"/>
		<Column name="Yield" type="integer" default="0"/>
	</Table>

	<Plots>
		<Row>
			<ID>0</ID>
			<Type>PLOT_MOUNTAIN</Type>
			<Description>TXT_KEY_TERRAIN_MOUNTAIN</Description>
			<Civilopedia>TXT_KEY_CIV5_SPECIALTERRAIN_MOUNTAINS_TEXT</Civilopedia>
			<Impassable>true</Impassable>
			<PortraitIndex>9</PortraitIndex>
			<IconAtlas>TERRAIN_ATLAS</IconAtlas>
		</Row>
		<Row>
			<Type>PLOT_HILLS</Type>
			<Description>TXT_KEY_TERRAIN_HILL</Description>
			<Civilopedia>TXT_KEY_CIV5_SPECIALTERRAIN_HILLS_TEXT</Civilopedia>
			<PortraitIndex>5</PortraitIndex>
			<IconAtlas>TERRAIN_ATLAS</IconAtlas>
		</Row>
		<Row>
			<Type>PLOT_LAND</Type>
			<Description>TXT_KEY_TERRAIN_GRASS</Description>
			<Civilopedia>TXT_KEY_CIV5_TERRAIN_GRASSLAND_TEXT</Civilopedia>
			<PortraitIndex>4</PortraitIndex>
			<IconAtlas>TERRAIN_ATLAS</IconAtlas>
		</Row>
		<Row>
			<Type>PLOT_OCEAN</Type>
			<Description>TXT_KEY_TERRAIN_OCEAN</Description>
			<Civilopedia>TXT_KEY_CIV5_TERRAIN_OCEAN_TEXT</Civilopedia>
			<Water>true</Water>
			<PortraitIndex>11</PortraitIndex>
			<IconAtlas>TERRAIN_ATLAS</IconAtlas>
		</Row>
	</Plots>

	<Plot_Yields>
		<Row>
			<PlotType>PLOT_MOUNTAIN</PlotType>
			<YieldType>YIELD_GOLD</YieldType>
			<Yield>0</Yield>
		</Row>
	</Plot_Yields>

	<CustomModDbUpdates>
		<Row Name="API_PLOT_YIELDS" Value="1"/>
	</CustomModDbUpdates>
</GameData>
