<?xml version="1.0" encoding="utf-8"?>
<!-- DO NOT DELETE THIS FILE!!! -->
<GameData>
	<Yields>
		<Row>
			<!-- DO NOT CHANGE! MUST correspond to the value in CvGameCoreEnums.h -->
			<ID>6</ID>
			<Type>YIELD_TOURISM</Type>
			<Description>TXT_KEY_YIELD_TOURISM</Description>
			<IconString>[ICON_TOURISM]</IconString>
			<ColorString>[COLOR_WHITE]</ColorString>
			<ImageTexture>YieldAtlas_128_Tourism.dds</ImageTexture>
			<MinCity>0</MinCity>
			<AIWeightPercent>80</AIWeightPercent>
		</Row>
	</Yields>

	<Defines>
		<Row Name="PUPPET_TOURISM_MODIFIER">
			<Value>-25</Value>
		</Row>
	</Defines>

	<PostDefines>
		<Row Name="TOURISM_START_TECH">
			<Key>TECH_AGRICULTURE</Key>
			<Table>Technologies</Table>
		</Row>
		<Row Name="TOURISM_START_ERA">
			<Key>ERA_ANCIENT</Key>
			<Table>Eras</Table>
		</Row>
	</PostDefines>

	<!-- Text moved to AllText_en_US.xml -->

	<CustomModDbUpdates>
		<Row Name="API_UNIFIED_YIELDS_TOURISM" Value="1"/>
	</CustomModDbUpdates>
</GameData>
