<?xml version="1.0" encoding="utf-8"?>
<GameData>
	<!-- Determines which options the player has enabled -->
	<Table name="CustomModOptions">
		<Column name="Name" type="text" primarykey="true"/>
		<Column name="Value" type="integer" default="1"/>
		<!-- Class - Data=0, BugFix, API, Events, Minor, Common, Major -->
		<Column name="Class" type="integer" default="5"/>
		<Column name="DbUpdates" type="integer" default="0"/>
	</Table>

	<!-- Values inserted into CustomModOptions by reference to GameInfoTypes[GameInfo[Table].Type] -->
	<Table name="CustomModPostDefines">
		<Column name="Name" type="text" primarykey="true"/>
		<Column name="Table" type="text"/>
		<Column name="Type" type="text"/>
	</Table>

	<!-- Records database update success -->
	<!-- If an entry is expected in here and there isn't one, the corresponding option can't be enabled -->
	<Table name="CustomModDbUpdates">
		<Column name="Name" type="text" primarykey="true"/>
		<Column name="Value" type="integer" default="0"/>
	</Table>

	<Defines>
		<Replace>
			<!-- General work tile maximum distance from city centre (default is 3) -->
			<!-- Min value is 2, max value is 5 (these are hard-coded in the DLL) -->
			<!-- Traits, techs, policies and buildings can increase this value for specific civs and specific cities -->
			<Name>MAXIMUM_WORK_PLOT_DISTANCE</Name>
			<Value>3</Value>
		</Replace>
		<Replace>
			<!-- General buy tile maximum distance from city centre (default is 3) -->
			<!-- Min value is 2, max value is 5 (these are hard-coded in the DLL) -->
			<!-- The buy plot distance for a specific city will never be less than the work plot distance for that city -->
			<Name>MAXIMUM_BUY_PLOT_DISTANCE</Name>
			<Value>3</Value>
		</Replace>
	</Defines>
</GameData>
