<?xml version="1.0" encoding="utf-8"?>
<GameData>
	<Table name="Policy_FaithPurchaseUnitClasses">
		<Column name="PolicyType" type="text" reference="Policies(Type)"/>
		<!-- Column name="UnitClassType" type="text" reference="UnitClasses(Type)"/ -->
		<Column name="UnitClassType" type="text" notnull="true"/>
		<Column name="EraType" type="text" reference="Eras(Type)" default="NULL"/>
	</Table>

	<Policy_FaithPurchaseUnitClasses>
		<Row>
			<PolicyType>POLICY_AESTHETICS_FINISHER</PolicyType>
			<UnitClassType>UNITCLASS_WRITER</UnitClassType>
		</Row>
		<Row>
			<PolicyType>POLICY_AESTHETICS_FINISHER</PolicyType>
			<UnitClassType>UNITCLASS_ARTIST</UnitClassType>
		</Row>
		<Row>
			<PolicyType>POLICY_AESTHETICS_FINISHER</PolicyType>
			<UnitClassType>UNITCLASS_MUSICIAN</UnitClassType>
		</Row>
		<Row>
			<PolicyType>POLICY_RATIONALISM_FINISHER</PolicyType>
			<UnitClassType>UNITCLASS_SCIENTIST</UnitClassType>
		</Row>
		<Row>
			<PolicyType>POLICY_COMMERCE_FINISHER</PolicyType>
			<UnitClassType>UNITCLASS_MERCHANT</UnitClassType>
		</Row>
		<Row>
			<PolicyType>POLICY_TRADITION_FINISHER</PolicyType>
			<UnitClassType>UNITCLASS_ENGINEER</UnitClassType>
		</Row>
		<Row>
			<PolicyType>POLICY_HONOR_FINISHER</PolicyType>
			<UnitClassType>UNITCLASS_GREAT_GENERAL</UnitClassType>
		</Row>
		<Row>
			<PolicyType>POLICY_EXPLORATION_FINISHER</PolicyType>
			<UnitClassType>UNITCLASS_GREAT_ADMIRAL</UnitClassType>
		</Row>

		<!-- CSD -->
		<Row>
			<PolicyType>POLICY_PATRONAGE_FINISHER</PolicyType>
			<UnitClassType>UNITCLASS_GREAT_DIPLOMAT</UnitClassType>
		</Row>
	</Policy_FaithPurchaseUnitClasses>


	<CustomModDbUpdates>
		<Row Name="RELIGION_POLICY_BRANCH_FAITH_GP" Value="1"/>
	</CustomModDbUpdates>
</GameData>