<?xml version="1.0" encoding="utf-8"?>
<GameData>
	<Defines>
		<Row Name="CITY_STARTING_RINGS">
			<Value>1</Value>
		</Row>
	</Defines>

	<Defines>
		<Row Name="WAR_MAJOR_MINIMUM_TURNS">
			<Value>5</Value>
		</Row>
		<Row Name="WAR_MINOR_MINIMUM_TURNS">
			<Value>0</Value>
		</Row>
	</Defines>

	<PostDefines>
		<Row Name="RELIGION_LAST_FOUND_ERA">
			<Key>ERA_RENAISSANCE</Key>
			<Table>Eras</Table>
		</Row>
		<Row Name="RELIGION_GP_FAITH_PURCHASE_ERA">
			<Key>ERA_INDUSTRIAL</Key>
			<Table>Eras</Table>
		</Row>
		<Row Name="IDEOLOGY_START_ERA">
			<Key>ERA_INDUSTRIAL</Key>
			<Table>Eras</Table>
		</Row>
	</PostDefines>
</GameData>
